,level,is_novel,is_playable
0,"##########
##########
##########
##########
##########
##-#-#-###
#--$$-$--#
#@.-.--$-#
#.--###-.#
##########",True,False
1,"##########
####-----#
#####@$$##
######--##
######-.-#
######.--#
######-$##
###-#--$-#
#---.---.#
##########",True,"[{'x': 0, 'y': -1}, {'x': 1, 'y': 0}, {'x': 1, 'y': 0}, {'x': 0, 'y': 1}, {'x': 0, 'y': 1}, {'x': -1, 'y': 0}, {'x': 0, 'y': 1}, {'x': 0, 'y': 1}, {'x': 1, 'y': 0}, {'x': 1, 'y': 0}, {'x': 0, 'y': -1}, {'x': -1, 'y': 0}, {'x': 0, 'y': 1}, {'x': -1, 'y': 0}, {'x': 0, 'y': 1}, {'x': 0, 'y': 1}, {'x': 0, 'y': 1}, {'x': 1, 'y': 0}, {'x': 1, 'y': 0}, {'x': 0, 'y': -1}, {'x': -1, 'y': 0}, {'x': 0, 'y': -1}, {'x': -1, 'y': 0}, {'x': 0, 'y': 1}, {'x': 1, 'y': 0}, {'x': 0, 'y': 1}, {'x': -1, 'y': 0}, {'x': 0, 'y': -1}, {'x': 0, 'y': -1}, {'x': 0, 'y': -1}, {'x': 0, 'y': -1}, {'x': 1, 'y': 0}, {'x': 0, 'y': 1}, {'x': 0, 'y': 1}, {'x': 0, 'y': 1}, {'x': -1, 'y': 0}, {'x': 0, 'y': 1}, {'x': -1, 'y': 0}, {'x': 1, 'y': 0}, {'x': 1, 'y': 0}, {'x': 0, 'y': -1}, {'x': 0, 'y': -1}, {'x': 0, 'y': -1}, {'x': 0, 'y': -1}, {'x': 0, 'y': -1}, {'x': 0, 'y': -1}, {'x': 0, 'y': -1}, {'x': -1, 'y': 0}, {'x': -1, 'y': 0}, {'x': 0, 'y': 1}, {'x': 1, 'y': 0}, {'x': 0, 'y': 1}, {'x': 0, 'y': -1}, {'x': 0, 'y': -1}, {'x': 1, 'y': 0}, {'x': 0, 'y': 1}, {'x': 0, 'y': 1}, {'x': -1, 'y': 0}, {'x': 0, 'y': 1}]"
2,"##########
#.-#######
#--#######
#.-#######
#--#####-#
#-$#####-#
#-----$--#
#-$#-$#@-#
#--####-.#
##########",True,False
3,"##########
#---######
#-$$######
#----$@###
#-.-$-#--#
##--#-#--#
####-.#.-#
####-----#
#####--.-#
##########",True,"[{'x': -1, 'y': 0}, {'x': -1, 'y': 0}, {'x': -1, 'y': 0}, {'x': 0, 'y': 1}, {'x': 1, 'y': 0}, {'x': 0, 'y': -1}, {'x': 1, 'y': 0}, {'x': 0, 'y': 1}, {'x': 0, 'y': 1}, {'x': 0, 'y': 1}, {'x': -1, 'y': 0}, {'x': 0, 'y': 1}, {'x': 1, 'y': 0}, {'x': 1, 'y': 0}, {'x': 0, 'y': 1}, {'x': 1, 'y': 0}, {'x': 0, 'y': -1}, {'x': 0, 'y': -1}, {'x': 0, 'y': 1}, {'x': -1, 'y': 0}, {'x': -1, 'y': 0}, {'x': 0, 'y': -1}, {'x': 0, 'y': -1}, {'x': 0, 'y': -1}, {'x': -1, 'y': 0}, {'x': -1, 'y': 0}, {'x': -1, 'y': 0}, {'x': -1, 'y': 0}, {'x': 0, 'y': -1}, {'x': 1, 'y': 0}, {'x': -1, 'y': 0}, {'x': 0, 'y': -1}, {'x': 0, 'y': -1}, {'x': 1, 'y': 0}, {'x': 0, 'y': 1}, {'x': 0, 'y': 1}, {'x': -1, 'y': 0}, {'x': 0, 'y': 1}, {'x': 1, 'y': 0}, {'x': 1, 'y': 0}, {'x': 1, 'y': 0}, {'x': 0, 'y': -1}, {'x': -1, 'y': 0}, {'x': 1, 'y': 0}, {'x': 1, 'y': 0}, {'x': 0, 'y': 1}, {'x': 0, 'y': 1}, {'x': 0, 'y': 1}, {'x': -1, 'y': 0}, {'x': 0, 'y': 1}, {'x': 1, 'y': 0}, {'x': 1, 'y': 0}, {'x': 0, 'y': 1}, {'x': 1, 'y': 0}, {'x': 1, 'y': 0}, {'x': 0, 'y': -1}, {'x': 0, 'y': -1}, {'x': -1, 'y': 0}, {'x': 0, 'y': 1}, {'x': 1, 'y': 0}, {'x': 0, 'y': -1}, {'x': 0, 'y': -1}, {'x': 0, 'y': -1}, {'x': -1, 'y': 0}, {'x': 0, 'y': 1}, {'x': 1, 'y': 0}, {'x': 0, 'y': 1}, {'x': 0, 'y': 1}, {'x': -1, 'y': 0}, {'x': -1, 'y': 0}, {'x': -1, 'y': 0}, {'x': 0, 'y': -1}, {'x': 0, 'y': -1}, {'x': 0, 'y': -1}, {'x': -1, 'y': 0}, {'x': -1, 'y': 0}, {'x': -1, 'y': 0}, {'x': -1, 'y': 0}, {'x': 0, 'y': -1}, {'x': 0, 'y': -1}, {'x': 0, 'y': -1}, {'x': 1, 'y': 0}, {'x': 1, 'y': 0}, {'x': 0, 'y': 1}, {'x': -1, 'y': 0}, {'x': 0, 'y': 1}, {'x': -1, 'y': 0}, {'x': 0, 'y': 1}, {'x': 1, 'y': 0}, {'x': 1, 'y': 0}, {'x': 1, 'y': 0}, {'x': 0, 'y': -1}, {'x': -1, 'y': 0}, {'x': 0, 'y': -1}, {'x': -1, 'y': 0}, {'x': 0, 'y': 1}, {'x': 1, 'y': 0}, {'x': 1, 'y': 0}, {'x': 1, 'y': 0}, {'x': 0, 'y': 1}, {'x': 0, 'y': 1}]"
4,"##########
##########
##########
#--#######
#-#----###
#-##-.####
#-$@$--###
#-$..$####
#.-----###
##########",True,"[{'x': 0, 'y': 1}, {'x': 1, 'y': 0}, {'x': 0, 'y': -1}, {'x': 1, 'y': 0}, {'x': 0, 'y': -1}, {'x': 0, 'y': -1}, {'x': -1, 'y': 0}, {'x': 0, 'y': 1}, {'x': 0, 'y': 1}, {'x': -1, 'y': 0}, {'x': 0, 'y': 1}, {'x': 0, 'y': 1}, {'x': 1, 'y': 0}, {'x': 1, 'y': 0}, {'x': 0, 'y': -1}, {'x': -1, 'y': 0}, {'x': 0, 'y': -1}, {'x': 0, 'y': -1}, {'x': 1, 'y': 0}, {'x': 0, 'y': 1}, {'x': -1, 'y': 0}, {'x': 0, 'y': 1}, {'x': 0, 'y': 1}, {'x': -1, 'y': 0}, {'x': -1, 'y': 0}, {'x': -1, 'y': 0}, {'x': 0, 'y': -1}, {'x': 0, 'y': -1}, {'x': 1, 'y': 0}, {'x': 1, 'y': 0}, {'x': 0, 'y': 1}, {'x': 1, 'y': 0}, {'x': 0, 'y': 1}, {'x': -1, 'y': 0}, {'x': -1, 'y': 0}, {'x': 1, 'y': 0}, {'x': 1, 'y': 0}, {'x': 0, 'y': -1}, {'x': 0, 'y': -1}, {'x': 1, 'y': 0}, {'x': 0, 'y': -1}, {'x': 0, 'y': -1}, {'x': -1, 'y': 0}, {'x': 0, 'y': 1}, {'x': 0, 'y': 1}, {'x': -1, 'y': 0}, {'x': -1, 'y': 0}, {'x': -1, 'y': 0}, {'x': 0, 'y': 1}, {'x': 1, 'y': 0}, {'x': 0, 'y': 1}, {'x': 1, 'y': 0}, {'x': 1, 'y': 0}, {'x': 1, 'y': 0}, {'x': 0, 'y': -1}, {'x': 0, 'y': -1}]"
5,"##########
#@$-..---#
##$$-----#
#---######
##--######
##-#######
#.-#######
#$.##-####
#-----####
##########",True,"[{'x': 1, 'y': 0}, {'x': 1, 'y': 0}, {'x': -1, 'y': 0}, {'x': 0, 'y': 1}, {'x': 1, 'y': 0}, {'x': 0, 'y': 1}, {'x': 0, 'y': 1}, {'x': -1, 'y': 0}, {'x': 0, 'y': 1}, {'x': 0, 'y': 1}, {'x': 0, 'y': 1}, {'x': 0, 'y': 1}, {'x': -1, 'y': 0}, {'x': 0, 'y': -1}, {'x': 1, 'y': 0}, {'x': 0, 'y': -1}, {'x': 0, 'y': -1}, {'x': 0, 'y': -1}, {'x': 1, 'y': 0}, {'x': 0, 'y': -1}, {'x': 0, 'y': -1}, {'x': 0, 'y': -1}, {'x': 1, 'y': 0}, {'x': 1, 'y': 0}, {'x': 0, 'y': 1}, {'x': 1, 'y': 0}, {'x': 1, 'y': 0}, {'x': 0, 'y': -1}, {'x': -1, 'y': 0}, {'x': 0, 'y': 1}, {'x': -1, 'y': 0}, {'x': -1, 'y': 0}, {'x': 0, 'y': -1}, {'x': -1, 'y': 0}, {'x': 0, 'y': 1}, {'x': -1, 'y': 0}, {'x': 0, 'y': 1}, {'x': 0, 'y': 1}, {'x': 0, 'y': 1}, {'x': 0, 'y': 1}, {'x': 0, 'y': -1}, {'x': 0, 'y': -1}, {'x': 1, 'y': 0}, {'x': 0, 'y': -1}, {'x': 0, 'y': -1}, {'x': -1, 'y': 0}, {'x': 0, 'y': -1}, {'x': 1, 'y': 0}]"
6,"##########
##########
##########
##########
######-###
######-###
##------##
##.$.$.$-#
##-$-@--.#
##########",True,"[{'x': -1, 'y': 0}, {'x': 0, 'y': -1}, {'x': 0, 'y': -1}, {'x': -1, 'y': 0}, {'x': -1, 'y': 0}, {'x': 0, 'y': 1}, {'x': 0, 'y': 1}, {'x': 1, 'y': 0}, {'x': 1, 'y': 0}, {'x': 0, 'y': -1}, {'x': -1, 'y': 0}, {'x': 1, 'y': 0}, {'x': 0, 'y': -1}, {'x': 1, 'y': 0}, {'x': 1, 'y': 0}, {'x': 0, 'y': 1}, {'x': -1, 'y': 0}, {'x': 1, 'y': 0}, {'x': 0, 'y': 1}, {'x': 1, 'y': 0}, {'x': 1, 'y': 0}, {'x': 0, 'y': -1}, {'x': -1, 'y': 0}, {'x': 0, 'y': -1}, {'x': -1, 'y': 0}, {'x': -1, 'y': 0}, {'x': -1, 'y': 0}, {'x': -1, 'y': 0}, {'x': 0, 'y': 1}, {'x': 0, 'y': 1}, {'x': 1, 'y': 0}, {'x': 1, 'y': 0}, {'x': 1, 'y': 0}, {'x': 1, 'y': 0}]"
7,"##########
##########
##########
##########
##########
#######.-#
####--#.$#
###-$--$.#
#-.----$@#
##########",True,"[{'x': -1, 'y': 0}, {'x': 1, 'y': 0}, {'x': 0, 'y': -1}, {'x': -1, 'y': 0}, {'x': 0, 'y': -1}, {'x': 0, 'y': -1}, {'x': 1, 'y': 0}, {'x': 0, 'y': 1}, {'x': -1, 'y': 0}, {'x': 0, 'y': 1}, {'x': 0, 'y': 1}, {'x': -1, 'y': 0}, {'x': -1, 'y': 0}, {'x': 0, 'y': -1}, {'x': 1, 'y': 0}, {'x': 0, 'y': 1}, {'x': -1, 'y': 0}, {'x': -1, 'y': 0}, {'x': -1, 'y': 0}, {'x': 0, 'y': -1}, {'x': 1, 'y': 0}, {'x': 1, 'y': 0}, {'x': 0, 'y': 1}, {'x': 1, 'y': 0}, {'x': 1, 'y': 0}, {'x': 0, 'y': -1}, {'x': 0, 'y': -1}, {'x': 0, 'y': 1}, {'x': 0, 'y': 1}, {'x': -1, 'y': 0}, {'x': -1, 'y': 0}, {'x': 0, 'y': -1}, {'x': 1, 'y': 0}, {'x': 0, 'y': 1}, {'x': 1, 'y': 0}, {'x': 0, 'y': -1}]"
8,"##########
##########
##########
##########
##########
##-@######
#-$$-$---#
#-...-$-.#
#-----.--#
##########",True,False
9,"##########
##########
#-########
#--#######
#-$#######
#--#######
#-#.-#####
#$$--$@###
#.--.#####
##########",True,False
10,"##########
##########
##########
#-########
#--.-.-$-#
#-$-$-.-@#
#-#--###-#
#--###---#
#----##$-#
##########",True,False
11,"##########
##########
##########
##########
##########
#-.-----##
#-$###-$@#
#-$-##--##
#.-.-$--.#
##########",True,"[{'x': -1, 'y': 0}, {'x': 0, 'y': -1}, {'x': -1, 'y': 0}, {'x': -1, 'y': 0}, {'x': -1, 'y': 0}, {'x': -1, 'y': 0}, {'x': -1, 'y': 0}, {'x': -1, 'y': 0}, {'x': 0, 'y': 1}, {'x': 0, 'y': 1}, {'x': 0, 'y': 1}, {'x': 1, 'y': 0}, {'x': 1, 'y': 0}, {'x': 0, 'y': -1}, {'x': -1, 'y': 0}, {'x': 0, 'y': -1}, {'x': -1, 'y': 0}, {'x': 0, 'y': 1}, {'x': 1, 'y': 0}, {'x': 1, 'y': 0}, {'x': 0, 'y': 1}, {'x': 1, 'y': 0}, {'x': 1, 'y': 0}, {'x': 1, 'y': 0}, {'x': 1, 'y': 0}, {'x': 0, 'y': -1}, {'x': 0, 'y': -1}, {'x': 0, 'y': -1}, {'x': -1, 'y': 0}, {'x': 0, 'y': 1}, {'x': 0, 'y': 1}, {'x': 1, 'y': 0}, {'x': 0, 'y': 1}, {'x': -1, 'y': 0}, {'x': -1, 'y': 0}, {'x': -1, 'y': 0}]"
12,"##########
##########
##########
#--#######
#-########
#--##-####
#.$-$---##
#-$---$..#
#-@----.-#
##########",True,"[{'x': -1, 'y': 0}, {'x': 0, 'y': -1}, {'x': 1, 'y': 0}, {'x': -1, 'y': 0}, {'x': 0, 'y': -1}, {'x': 0, 'y': -1}, {'x': 1, 'y': 0}, {'x': 0, 'y': 1}, {'x': 0, 'y': 1}, {'x': -1, 'y': 0}, {'x': 0, 'y': 1}, {'x': 1, 'y': 0}, {'x': 1, 'y': 0}, {'x': 1, 'y': 0}, {'x': 1, 'y': 0}, {'x': 1, 'y': 0}, {'x': -1, 'y': 0}, {'x': 0, 'y': -1}, {'x': 1, 'y': 0}, {'x': 1, 'y': 0}, {'x': 0, 'y': -1}, {'x': -1, 'y': 0}, {'x': -1, 'y': 0}, {'x': -1, 'y': 0}, {'x': -1, 'y': 0}, {'x': -1, 'y': 0}, {'x': 0, 'y': 1}, {'x': 1, 'y': 0}, {'x': 1, 'y': 0}, {'x': 1, 'y': 0}, {'x': 1, 'y': 0}]"
13,"##########
###.######
###--#####
#-.$-#####
#-.--#####
#---######
#-$.-#####
#-$$-#####
##-@-#####
##########",True,"[{'x': 1, 'y': 0}, {'x': 0, 'y': -1}, {'x': 0, 'y': -1}, {'x': -1, 'y': 0}, {'x': 0, 'y': -1}, {'x': 0, 'y': -1}, {'x': 1, 'y': 0}, {'x': 0, 'y': -1}, {'x': -1, 'y': 0}, {'x': 0, 'y': 1}, {'x': 0, 'y': 1}, {'x': 0, 'y': 1}, {'x': 1, 'y': 0}, {'x': 0, 'y': 1}, {'x': 0, 'y': 1}, {'x': -1, 'y': 0}, {'x': 0, 'y': -1}, {'x': 0, 'y': -1}, {'x': 0, 'y': -1}, {'x': -1, 'y': 0}, {'x': -1, 'y': 0}, {'x': 0, 'y': 1}, {'x': 0, 'y': 1}, {'x': 1, 'y': 0}, {'x': 0, 'y': 1}, {'x': 1, 'y': 0}, {'x': 0, 'y': -1}, {'x': -1, 'y': 0}, {'x': 0, 'y': -1}, {'x': 0, 'y': -1}, {'x': 1, 'y': 0}, {'x': 0, 'y': -1}, {'x': 0, 'y': -1}, {'x': 0, 'y': -1}]"
14,"##########
#------###
#--..$--##
#--##---##
#-###-$###
#--##-$@##
#--##--$-#
#-####---#
#.---##-.#
##########",True,"[{'x': 0, 'y': 1}, {'x': -1, 'y': 0}, {'x': -1, 'y': 0}, {'x': 0, 'y': -1}, {'x': 0, 'y': -1}, {'x': 0, 'y': -1}, {'x': 1, 'y': 0}, {'x': 0, 'y': -1}, {'x': -1, 'y': 0}, {'x': -1, 'y': 0}, {'x': -1, 'y': 0}, {'x': -1, 'y': 0}, {'x': 0, 'y': -1}, {'x': -1, 'y': 0}, {'x': 0, 'y': 1}, {'x': 0, 'y': 1}, {'x': 0, 'y': 1}, {'x': 0, 'y': 1}, {'x': 0, 'y': 1}, {'x': 0, 'y': 1}, {'x': 0, 'y': -1}, {'x': 0, 'y': -1}, {'x': 0, 'y': -1}, {'x': 0, 'y': -1}, {'x': 1, 'y': 0}, {'x': 0, 'y': -1}, {'x': 1, 'y': 0}, {'x': 1, 'y': 0}, {'x': 1, 'y': 0}, {'x': 0, 'y': 1}, {'x': 0, 'y': 1}, {'x': 0, 'y': 1}, {'x': 0, 'y': 1}, {'x': 1, 'y': 0}, {'x': 1, 'y': 0}, {'x': 0, 'y': -1}, {'x': -1, 'y': 0}, {'x': 0, 'y': 1}, {'x': 0, 'y': 1}, {'x': 1, 'y': 0}, {'x': 0, 'y': -1}, {'x': 1, 'y': 0}, {'x': 0, 'y': 1}, {'x': -1, 'y': 0}, {'x': -1, 'y': 0}, {'x': 0, 'y': -1}, {'x': -1, 'y': 0}, {'x': 0, 'y': -1}, {'x': 0, 'y': -1}, {'x': 0, 'y': -1}, {'x': 1, 'y': 0}, {'x': 0, 'y': -1}, {'x': -1, 'y': 0}, {'x': -1, 'y': 0}, {'x': 1, 'y': 0}, {'x': 0, 'y': 1}, {'x': 0, 'y': 1}, {'x': 0, 'y': 1}, {'x': 1, 'y': 0}, {'x': 0, 'y': -1}, {'x': 0, 'y': -1}, {'x': 1, 'y': 0}, {'x': 0, 'y': -1}, {'x': -1, 'y': 0}, {'x': -1, 'y': 0}]"
15,"##########
#----#####
#.#$-#####
#-.-.#####
#-$--#####
#--#######
#-########
#$$--.####
#---@#####
##########",True,"[{'x': -1, 'y': 0}, {'x': -1, 'y': 0}, {'x': -1, 'y': 0}, {'x': 0, 'y': -1}, {'x': 0, 'y': -1}, {'x': 0, 'y': 1}, {'x': 1, 'y': 0}, {'x': 1, 'y': 0}, {'x': 1, 'y': 0}, {'x': -1, 'y': 0}, {'x': -1, 'y': 0}, {'x': -1, 'y': 0}, {'x': 0, 'y': -1}, {'x': 0, 'y': -1}, {'x': 1, 'y': 0}, {'x': 0, 'y': -1}, {'x': 1, 'y': 0}, {'x': 1, 'y': 0}, {'x': 0, 'y': -1}, {'x': 0, 'y': -1}, {'x': 0, 'y': -1}, {'x': -1, 'y': 0}, {'x': -1, 'y': 0}, {'x': -1, 'y': 0}, {'x': 0, 'y': 1}, {'x': 0, 'y': 1}, {'x': 1, 'y': 0}, {'x': 1, 'y': 0}, {'x': -1, 'y': 0}, {'x': -1, 'y': 0}, {'x': 0, 'y': -1}, {'x': 0, 'y': -1}, {'x': 1, 'y': 0}, {'x': 1, 'y': 0}, {'x': 0, 'y': 1}, {'x': 0, 'y': -1}, {'x': -1, 'y': 0}, {'x': -1, 'y': 0}, {'x': 0, 'y': 1}, {'x': 0, 'y': 1}, {'x': 1, 'y': 0}, {'x': 0, 'y': 1}, {'x': 0, 'y': 1}, {'x': -1, 'y': 0}, {'x': 0, 'y': -1}, {'x': 0, 'y': -1}, {'x': 0, 'y': 1}, {'x': 1, 'y': 0}, {'x': 1, 'y': 0}, {'x': 1, 'y': 0}, {'x': 0, 'y': -1}, {'x': -1, 'y': 0}, {'x': 0, 'y': -1}, {'x': 0, 'y': -1}, {'x': 1, 'y': 0}, {'x': 0, 'y': 1}]"
16,"##########
##########
##########
##########
#####--###
#####-.###
##-#--$-##
#--$.$-$@#
#--.---$@#
##########",True,False
17,"##########
#-########
#--#######
#-###-####
#-###---##
#-###-$-##
#-###$.-##
#-#-#--$-#
#-.---$-@#
##########",True,False
18,"##########
#####--###
#####-$@##
#####..-##
#####.--##
#####-$-##
#####-.-##
#####$$-##
#-------##
##########",True,"[{'x': 0, 'y': 1}, {'x': 0, 'y': 1}, {'x': 0, 'y': 1}, {'x': 0, 'y': 1}, {'x': -1, 'y': 0}, {'x': 0, 'y': -1}, {'x': 1, 'y': 0}, {'x': 0, 'y': 1}, {'x': 0, 'y': 1}, {'x': 0, 'y': 1}, {'x': -1, 'y': 0}, {'x': 0, 'y': -1}, {'x': 0, 'y': 1}, {'x': -1, 'y': 0}, {'x': 0, 'y': -1}, {'x': 0, 'y': -1}, {'x': 0, 'y': -1}, {'x': 1, 'y': 0}, {'x': 0, 'y': -1}, {'x': 1, 'y': 0}, {'x': 0, 'y': -1}, {'x': 0, 'y': -1}, {'x': -1, 'y': 0}, {'x': 0, 'y': -1}, {'x': -1, 'y': 0}, {'x': 0, 'y': 1}]"
19,"##########
#-########
#--#######
#-########
#-###-####
#-.-$@####
#-.-$-.###
#--##-####
#-----####
##########",True,False
20,"##########
#--#######
#--.######
#---######
#--####--#
#-$##----#
#--###$$.#
#-###.$.-#
#@-------#
##########",True,"[{'x': 0, 'y': -1}, {'x': 0, 'y': -1}, {'x': 1, 'y': 0}, {'x': 0, 'y': -1}, {'x': 0, 'y': -1}, {'x': 0, 'y': -1}, {'x': -1, 'y': 0}, {'x': 0, 'y': -1}, {'x': 1, 'y': 0}, {'x': 0, 'y': 1}, {'x': -1, 'y': 0}, {'x': 0, 'y': 1}, {'x': 0, 'y': 1}, {'x': 0, 'y': 1}, {'x': 0, 'y': 1}, {'x': 0, 'y': 1}, {'x': 1, 'y': 0}, {'x': 1, 'y': 0}, {'x': 1, 'y': 0}, {'x': 1, 'y': 0}, {'x': 0, 'y': -1}, {'x': 1, 'y': 0}, {'x': 1, 'y': 0}, {'x': 0, 'y': -1}, {'x': 1, 'y': 0}, {'x': 0, 'y': -1}, {'x': 0, 'y': -1}, {'x': -1, 'y': 0}, {'x': 0, 'y': 1}, {'x': -1, 'y': 0}, {'x': 0, 'y': 1}, {'x': 0, 'y': -1}, {'x': 1, 'y': 0}, {'x': 1, 'y': 0}, {'x': 0, 'y': 1}, {'x': -1, 'y': 0}, {'x': 0, 'y': 1}, {'x': 0, 'y': 1}, {'x': -1, 'y': 0}, {'x': -1, 'y': 0}, {'x': 0, 'y': -1}, {'x': 1, 'y': 0}, {'x': 0, 'y': 1}, {'x': 1, 'y': 0}, {'x': 1, 'y': 0}, {'x': 0, 'y': -1}, {'x': 0, 'y': -1}, {'x': -1, 'y': 0}, {'x': 0, 'y': -1}, {'x': -1, 'y': 0}, {'x': 0, 'y': 1}, {'x': 1, 'y': 0}, {'x': 1, 'y': 0}, {'x': 0, 'y': 1}, {'x': 0, 'y': 1}, {'x': -1, 'y': 0}, {'x': 0, 'y': -1}, {'x': -1, 'y': 0}, {'x': 0, 'y': -1}, {'x': 0, 'y': -1}, {'x': 1, 'y': 0}, {'x': 0, 'y': 1}, {'x': 0, 'y': -1}, {'x': 0, 'y': -1}, {'x': 1, 'y': 0}, {'x': 0, 'y': 1}]"
21,"##########
##########
##########
##########
##########
##########
###-#.--.#
##@$-.$-$#
###-$-.--#
##########",True,"[{'x': 1, 'y': 0}, {'x': 0, 'y': 1}, {'x': 1, 'y': 0}, {'x': 1, 'y': 0}, {'x': 0, 'y': -1}, {'x': 0, 'y': -1}, {'x': 1, 'y': 0}, {'x': 1, 'y': 0}, {'x': 0, 'y': 1}, {'x': 0, 'y': 1}, {'x': 1, 'y': 0}, {'x': 0, 'y': -1}, {'x': -1, 'y': 0}, {'x': 0, 'y': -1}, {'x': -1, 'y': 0}, {'x': -1, 'y': 0}, {'x': 0, 'y': 1}, {'x': 0, 'y': 1}, {'x': -1, 'y': 0}, {'x': -1, 'y': 0}, {'x': 0, 'y': -1}, {'x': 1, 'y': 0}, {'x': 0, 'y': 1}, {'x': 1, 'y': 0}, {'x': 1, 'y': 0}, {'x': 0, 'y': -1}, {'x': 1, 'y': 0}, {'x': 1, 'y': 0}, {'x': 0, 'y': 1}, {'x': -1, 'y': 0}, {'x': 0, 'y': -1}, {'x': 0, 'y': -1}, {'x': -1, 'y': 0}]"
22,"##########
##########
##########
##########
#--#@-####
#--#-$--##
#-.#--$-.#
#--#$$--##
#.--.---##
##########",True,False
23,"##########
#-########
#--#######
#-########
#--.######
#@#--#####
#-$$-#####
#-$.######
#-$---..##
##########",True,"[{'x': 0, 'y': 1}, {'x': 0, 'y': 1}, {'x': 0, 'y': 1}, {'x': 1, 'y': 0}, {'x': 1, 'y': 0}, {'x': 1, 'y': 0}, {'x': 1, 'y': 0}, {'x': 1, 'y': 0}, {'x': -1, 'y': 0}, {'x': -1, 'y': 0}, {'x': -1, 'y': 0}, {'x': -1, 'y': 0}, {'x': -1, 'y': 0}, {'x': 0, 'y': -1}, {'x': 0, 'y': -1}, {'x': 0, 'y': -1}, {'x': 0, 'y': -1}, {'x': 1, 'y': 0}, {'x': 1, 'y': 0}, {'x': 0, 'y': 1}, {'x': 0, 'y': 1}, {'x': 0, 'y': 1}, {'x': 0, 'y': -1}, {'x': 0, 'y': -1}, {'x': 0, 'y': -1}, {'x': -1, 'y': 0}, {'x': -1, 'y': 0}, {'x': 0, 'y': 1}, {'x': 0, 'y': 1}, {'x': 1, 'y': 0}, {'x': -1, 'y': 0}, {'x': 0, 'y': 1}, {'x': 0, 'y': 1}, {'x': 1, 'y': 0}, {'x': 1, 'y': 0}, {'x': 1, 'y': 0}, {'x': 1, 'y': 0}, {'x': -1, 'y': 0}, {'x': -1, 'y': 0}, {'x': 0, 'y': -1}, {'x': 0, 'y': -1}, {'x': 0, 'y': -1}, {'x': 0, 'y': 1}, {'x': -1, 'y': 0}, {'x': -1, 'y': 0}, {'x': 0, 'y': 1}, {'x': 1, 'y': 0}]"
24,"##########
##########
##########
#@########
#$########
#--#######
#-$..###-#
#.$-$-#--#
#--.-----#
##########",True,"[{'x': 0, 'y': 1}, {'x': 0, 'y': 1}, {'x': 0, 'y': 1}, {'x': 1, 'y': 0}, {'x': 1, 'y': 0}, {'x': 0, 'y': 1}, {'x': 0, 'y': 1}, {'x': -1, 'y': 0}, {'x': -1, 'y': 0}, {'x': 0, 'y': -1}, {'x': 0, 'y': 1}, {'x': 1, 'y': 0}, {'x': 1, 'y': 0}, {'x': 0, 'y': -1}, {'x': 0, 'y': -1}, {'x': -1, 'y': 0}, {'x': 0, 'y': 1}, {'x': 1, 'y': 0}, {'x': 0, 'y': 1}, {'x': 1, 'y': 0}, {'x': 1, 'y': 0}, {'x': 0, 'y': -1}, {'x': -1, 'y': 0}, {'x': 0, 'y': 1}, {'x': -1, 'y': 0}, {'x': 0, 'y': -1}, {'x': -1, 'y': 0}, {'x': -1, 'y': 0}, {'x': 0, 'y': 1}, {'x': 1, 'y': 0}, {'x': 0, 'y': -1}, {'x': 0, 'y': -1}, {'x': 0, 'y': -1}, {'x': -1, 'y': 0}, {'x': 0, 'y': 1}]"
25,"##########
#--.-$@###
#.--$$####
#$##---###
#--##-####
#--##-####
#.-#-#--##
#----$$-##
#---#.-###
##########",True,False
26,"##########
##########
##########
#--#######
#-#----###
#-##-.####
#-$@$--###
#-$..$####
#.-----###
##########",True,"[{'x': 0, 'y': 1}, {'x': 1, 'y': 0}, {'x': 0, 'y': -1}, {'x': 1, 'y': 0}, {'x': 0, 'y': -1}, {'x': 0, 'y': -1}, {'x': -1, 'y': 0}, {'x': 0, 'y': 1}, {'x': 0, 'y': 1}, {'x': -1, 'y': 0}, {'x': 0, 'y': 1}, {'x': 0, 'y': 1}, {'x': 1, 'y': 0}, {'x': 1, 'y': 0}, {'x': 0, 'y': -1}, {'x': -1, 'y': 0}, {'x': 0, 'y': -1}, {'x': 0, 'y': -1}, {'x': 1, 'y': 0}, {'x': 0, 'y': 1}, {'x': -1, 'y': 0}, {'x': 0, 'y': 1}, {'x': 0, 'y': 1}, {'x': -1, 'y': 0}, {'x': -1, 'y': 0}, {'x': -1, 'y': 0}, {'x': 0, 'y': -1}, {'x': 0, 'y': -1}, {'x': 1, 'y': 0}, {'x': 1, 'y': 0}, {'x': 0, 'y': 1}, {'x': 1, 'y': 0}, {'x': 0, 'y': 1}, {'x': -1, 'y': 0}, {'x': -1, 'y': 0}, {'x': 1, 'y': 0}, {'x': 1, 'y': 0}, {'x': 0, 'y': -1}, {'x': 0, 'y': -1}, {'x': 1, 'y': 0}, {'x': 0, 'y': -1}, {'x': 0, 'y': -1}, {'x': -1, 'y': 0}, {'x': 0, 'y': 1}, {'x': 0, 'y': 1}, {'x': -1, 'y': 0}, {'x': -1, 'y': 0}, {'x': -1, 'y': 0}, {'x': 0, 'y': 1}, {'x': 1, 'y': 0}, {'x': 0, 'y': 1}, {'x': 1, 'y': 0}, {'x': 1, 'y': 0}, {'x': 1, 'y': 0}, {'x': 0, 'y': -1}, {'x': 0, 'y': -1}]"
27,"##########
########-#
#######--#
#######$-#
##-------#
##.--#.$-#
###--##--#
####--#$-#
#####.-@-#
##########",True,False
28,"##########
##########
##########
#--###-###
#-.---$-##
#--##.-###
#-$-#---##
#@$---$###
#.$--.-###
##########",True,False
29,"##########
##########
##########
#######-.#
#######$-#
######-..#
######$--#
#####-$.$#
####@----#
##########",True,"[{'x': 1, 'y': 0}, {'x': 1, 'y': 0}, {'x': 1, 'y': 0}, {'x': 0, 'y': -1}, {'x': 0, 'y': -1}, {'x': 1, 'y': 0}, {'x': 0, 'y': -1}, {'x': 0, 'y': -1}, {'x': 0, 'y': -1}, {'x': -1, 'y': 0}, {'x': 0, 'y': 1}, {'x': 1, 'y': 0}, {'x': 0, 'y': 1}, {'x': 0, 'y': 1}, {'x': -1, 'y': 0}, {'x': 0, 'y': 1}, {'x': 0, 'y': 1}, {'x': 1, 'y': 0}, {'x': 0, 'y': -1}, {'x': 0, 'y': -1}, {'x': 0, 'y': 1}, {'x': 0, 'y': 1}, {'x': -1, 'y': 0}, {'x': -1, 'y': 0}, {'x': -1, 'y': 0}, {'x': 0, 'y': -1}, {'x': 1, 'y': 0}, {'x': 1, 'y': 0}, {'x': 0, 'y': -1}, {'x': 1, 'y': 0}, {'x': 0, 'y': -1}, {'x': 0, 'y': -1}, {'x': -1, 'y': 0}, {'x': 0, 'y': 1}, {'x': -1, 'y': 0}, {'x': 0, 'y': 1}, {'x': 0, 'y': -1}, {'x': 1, 'y': 0}, {'x': 1, 'y': 0}, {'x': 0, 'y': 1}, {'x': -1, 'y': 0}, {'x': 0, 'y': 1}, {'x': 0, 'y': 1}, {'x': -1, 'y': 0}, {'x': -1, 'y': 0}, {'x': 0, 'y': -1}, {'x': 1, 'y': 0}, {'x': 0, 'y': 1}, {'x': 1, 'y': 0}, {'x': 1, 'y': 0}, {'x': 0, 'y': -1}, {'x': 0, 'y': -1}, {'x': -1, 'y': 0}, {'x': 0, 'y': -1}, {'x': -1, 'y': 0}, {'x': 0, 'y': 1}, {'x': 1, 'y': 0}, {'x': 1, 'y': 0}, {'x': 0, 'y': 1}, {'x': 0, 'y': 1}, {'x': -1, 'y': 0}, {'x': 0, 'y': -1}, {'x': 0, 'y': -1}, {'x': 0, 'y': 1}, {'x': 0, 'y': 1}, {'x': -1, 'y': 0}, {'x': -1, 'y': 0}, {'x': 0, 'y': -1}, {'x': 1, 'y': 0}]"
30,"##########
#-########
#--#######
#-########
#-########
#-.-######
#-$$-#####
#-.-$-####
#---.#####
##########",True,False
31,"##########
#-########
#--#######
#-########
#--.######
#@#--#####
#-$$-#####
#-$.######
#-$---..##
##########",True,"[{'x': 0, 'y': 1}, {'x': 0, 'y': 1}, {'x': 0, 'y': 1}, {'x': 1, 'y': 0}, {'x': 1, 'y': 0}, {'x': 1, 'y': 0}, {'x': 1, 'y': 0}, {'x': 1, 'y': 0}, {'x': -1, 'y': 0}, {'x': -1, 'y': 0}, {'x': -1, 'y': 0}, {'x': -1, 'y': 0}, {'x': -1, 'y': 0}, {'x': 0, 'y': -1}, {'x': 0, 'y': -1}, {'x': 0, 'y': -1}, {'x': 0, 'y': -1}, {'x': 1, 'y': 0}, {'x': 1, 'y': 0}, {'x': 0, 'y': 1}, {'x': 0, 'y': 1}, {'x': 0, 'y': 1}, {'x': 0, 'y': -1}, {'x': 0, 'y': -1}, {'x': 0, 'y': -1}, {'x': -1, 'y': 0}, {'x': -1, 'y': 0}, {'x': 0, 'y': 1}, {'x': 0, 'y': 1}, {'x': 1, 'y': 0}, {'x': -1, 'y': 0}, {'x': 0, 'y': 1}, {'x': 0, 'y': 1}, {'x': 1, 'y': 0}, {'x': 1, 'y': 0}, {'x': 1, 'y': 0}, {'x': 1, 'y': 0}, {'x': -1, 'y': 0}, {'x': -1, 'y': 0}, {'x': 0, 'y': -1}, {'x': 0, 'y': -1}, {'x': 0, 'y': -1}, {'x': 0, 'y': 1}, {'x': -1, 'y': 0}, {'x': -1, 'y': 0}, {'x': 0, 'y': 1}, {'x': 1, 'y': 0}]"
32,"##########
######-.-#
######-$-#
#######--#
#######-.#
#######$-#
#######-$#
#####@$-.#
######---#
##########",True,False
33,"##########
#-########
#--#######
#-########
#--.######
#@#--#####
#-$$-#####
#-$.######
#-$---..##
##########",True,"[{'x': 0, 'y': 1}, {'x': 0, 'y': 1}, {'x': 0, 'y': 1}, {'x': 1, 'y': 0}, {'x': 1, 'y': 0}, {'x': 1, 'y': 0}, {'x': 1, 'y': 0}, {'x': 1, 'y': 0}, {'x': -1, 'y': 0}, {'x': -1, 'y': 0}, {'x': -1, 'y': 0}, {'x': -1, 'y': 0}, {'x': -1, 'y': 0}, {'x': 0, 'y': -1}, {'x': 0, 'y': -1}, {'x': 0, 'y': -1}, {'x': 0, 'y': -1}, {'x': 1, 'y': 0}, {'x': 1, 'y': 0}, {'x': 0, 'y': 1}, {'x': 0, 'y': 1}, {'x': 0, 'y': 1}, {'x': 0, 'y': -1}, {'x': 0, 'y': -1}, {'x': 0, 'y': -1}, {'x': -1, 'y': 0}, {'x': -1, 'y': 0}, {'x': 0, 'y': 1}, {'x': 0, 'y': 1}, {'x': 1, 'y': 0}, {'x': -1, 'y': 0}, {'x': 0, 'y': 1}, {'x': 0, 'y': 1}, {'x': 1, 'y': 0}, {'x': 1, 'y': 0}, {'x': 1, 'y': 0}, {'x': 1, 'y': 0}, {'x': -1, 'y': 0}, {'x': -1, 'y': 0}, {'x': 0, 'y': -1}, {'x': 0, 'y': -1}, {'x': 0, 'y': -1}, {'x': 0, 'y': 1}, {'x': -1, 'y': 0}, {'x': -1, 'y': 0}, {'x': 0, 'y': 1}, {'x': 1, 'y': 0}]"
34,"##########
#@########
#$-#######
#-$#######
#-.#--####
#.$$--####
#-.--.##-#
#-###-#--#
#--------#
##########",True,"[{'x': 0, 'y': 1}, {'x': 0, 'y': 1}, {'x': 0, 'y': 1}, {'x': 1, 'y': 0}, {'x': 0, 'y': 1}, {'x': 1, 'y': 0}, {'x': 1, 'y': 0}, {'x': 0, 'y': -1}, {'x': 1, 'y': 0}, {'x': 0, 'y': 1}, {'x': -1, 'y': 0}, {'x': -1, 'y': 0}, {'x': -1, 'y': 0}, {'x': 0, 'y': -1}, {'x': -1, 'y': 0}, {'x': 0, 'y': -1}, {'x': 0, 'y': -1}, {'x': 1, 'y': 0}, {'x': 0, 'y': 1}]"
35,"##########
##########
##########
##########
#--.@-####
##-$-$#.-#
####-$--.#
#####$.--#
###------#
##########",True,"[{'x': 0, 'y': 1}, {'x': 0, 'y': 1}, {'x': 1, 'y': 0}, {'x': 1, 'y': 0}, {'x': 0, 'y': 1}, {'x': 1, 'y': 0}, {'x': 1, 'y': 0}, {'x': 0, 'y': -1}, {'x': 0, 'y': -1}, {'x': -1, 'y': 0}, {'x': 0, 'y': 1}, {'x': -1, 'y': 0}, {'x': -1, 'y': 0}, {'x': -1, 'y': 0}, {'x': 0, 'y': -1}, {'x': 0, 'y': -1}, {'x': 1, 'y': 0}, {'x': 0, 'y': 1}, {'x': -1, 'y': 0}, {'x': 0, 'y': 1}, {'x': 1, 'y': 0}, {'x': 1, 'y': 0}, {'x': 1, 'y': 0}, {'x': -1, 'y': 0}, {'x': 0, 'y': 1}, {'x': 0, 'y': 1}, {'x': -1, 'y': 0}, {'x': 0, 'y': -1}, {'x': 0, 'y': -1}, {'x': -1, 'y': 0}, {'x': 0, 'y': -1}, {'x': 0, 'y': -1}, {'x': 1, 'y': 0}, {'x': 0, 'y': 1}, {'x': -1, 'y': 0}, {'x': 0, 'y': 1}, {'x': 1, 'y': 0}, {'x': 1, 'y': 0}, {'x': 0, 'y': 1}, {'x': 0, 'y': 1}, {'x': 1, 'y': 0}, {'x': 1, 'y': 0}, {'x': 0, 'y': -1}, {'x': -1, 'y': 0}, {'x': 0, 'y': -1}, {'x': -1, 'y': 0}, {'x': -1, 'y': 0}, {'x': -1, 'y': 0}, {'x': 0, 'y': -1}, {'x': 0, 'y': -1}, {'x': -1, 'y': 0}, {'x': -1, 'y': 0}, {'x': 0, 'y': 1}, {'x': 1, 'y': 0}, {'x': 0, 'y': -1}, {'x': 1, 'y': 0}, {'x': 1, 'y': 0}, {'x': 0, 'y': 1}, {'x': 0, 'y': 1}, {'x': -1, 'y': 0}, {'x': 0, 'y': -1}, {'x': 1, 'y': 0}, {'x': 0, 'y': -1}, {'x': -1, 'y': 0}]"
36,"##########
#-########
#--#######
#-########
#--.######
#@#--#####
#-$$-#####
#-$.######
#-$---..##
##########",True,"[{'x': 0, 'y': 1}, {'x': 0, 'y': 1}, {'x': 0, 'y': 1}, {'x': 1, 'y': 0}, {'x': 1, 'y': 0}, {'x': 1, 'y': 0}, {'x': 1, 'y': 0}, {'x': 1, 'y': 0}, {'x': -1, 'y': 0}, {'x': -1, 'y': 0}, {'x': -1, 'y': 0}, {'x': -1, 'y': 0}, {'x': -1, 'y': 0}, {'x': 0, 'y': -1}, {'x': 0, 'y': -1}, {'x': 0, 'y': -1}, {'x': 0, 'y': -1}, {'x': 1, 'y': 0}, {'x': 1, 'y': 0}, {'x': 0, 'y': 1}, {'x': 0, 'y': 1}, {'x': 0, 'y': 1}, {'x': 0, 'y': -1}, {'x': 0, 'y': -1}, {'x': 0, 'y': -1}, {'x': -1, 'y': 0}, {'x': -1, 'y': 0}, {'x': 0, 'y': 1}, {'x': 0, 'y': 1}, {'x': 1, 'y': 0}, {'x': -1, 'y': 0}, {'x': 0, 'y': 1}, {'x': 0, 'y': 1}, {'x': 1, 'y': 0}, {'x': 1, 'y': 0}, {'x': 1, 'y': 0}, {'x': 1, 'y': 0}, {'x': -1, 'y': 0}, {'x': -1, 'y': 0}, {'x': 0, 'y': -1}, {'x': 0, 'y': -1}, {'x': 0, 'y': -1}, {'x': 0, 'y': 1}, {'x': -1, 'y': 0}, {'x': -1, 'y': 0}, {'x': 0, 'y': 1}, {'x': 1, 'y': 0}]"
37,"##########
##-------#
##-$----.#
####@$#-.#
####-.-#.#
#####----#
######---#
######$$-#
######---#
##########",True,"[{'x': 0, 'y': 1}, {'x': 1, 'y': 0}, {'x': 1, 'y': 0}, {'x': 0, 'y': 1}, {'x': 1, 'y': 0}, {'x': 1, 'y': 0}, {'x': 0, 'y': 1}, {'x': 0, 'y': 1}, {'x': 0, 'y': 1}, {'x': -1, 'y': 0}, {'x': -1, 'y': 0}, {'x': 0, 'y': -1}, {'x': 0, 'y': -1}, {'x': 0, 'y': 1}, {'x': 1, 'y': 0}, {'x': 0, 'y': 1}, {'x': 1, 'y': 0}, {'x': 0, 'y': -1}, {'x': 0, 'y': -1}, {'x': 0, 'y': -1}, {'x': 0, 'y': -1}, {'x': 0, 'y': -1}, {'x': -1, 'y': 0}, {'x': 0, 'y': -1}, {'x': 0, 'y': -1}, {'x': 1, 'y': 0}, {'x': 0, 'y': 1}, {'x': -1, 'y': 0}, {'x': -1, 'y': 0}, {'x': -1, 'y': 0}, {'x': -1, 'y': 0}, {'x': 0, 'y': -1}, {'x': -1, 'y': 0}, {'x': -1, 'y': 0}, {'x': 0, 'y': 1}, {'x': 1, 'y': 0}, {'x': 1, 'y': 0}, {'x': 0, 'y': 1}, {'x': 0, 'y': 1}, {'x': 1, 'y': 0}, {'x': 0, 'y': 1}, {'x': 1, 'y': 0}, {'x': 1, 'y': 0}, {'x': 0, 'y': 1}, {'x': 1, 'y': 0}, {'x': 0, 'y': -1}, {'x': -1, 'y': 0}, {'x': -1, 'y': 0}, {'x': -1, 'y': 0}, {'x': 0, 'y': -1}, {'x': -1, 'y': 0}, {'x': 0, 'y': -1}, {'x': 0, 'y': -1}, {'x': 1, 'y': 0}, {'x': 0, 'y': 1}, {'x': 0, 'y': -1}, {'x': 1, 'y': 0}, {'x': 1, 'y': 0}]"
38,"##########
#--#######
#--#####-#
#-$#####-#
#--####.-#
#-#####--#
#-###----#
#-$#-$.$-#
#----#@-.#
##########",True,False
39,"##########
##########
##########
#--#-#-###
#-.--$-###
#--##@####
#--##$####
#-$#-$-###
#.--.-####
##########",True,False
40,"##########
#---######
#$.-######
#--#######
#.-#######
#-$#######
#--@-#--##
#.#-$-$-##
#--.----##
##########",True,"[{'x': -1, 'y': 0}, {'x': 0, 'y': -1}, {'x': -1, 'y': 0}, {'x': 0, 'y': -1}, {'x': 0, 'y': -1}, {'x': 1, 'y': 0}, {'x': 0, 'y': -1}, {'x': 0, 'y': -1}, {'x': -1, 'y': 0}, {'x': 0, 'y': 1}, {'x': 0, 'y': 1}, {'x': 0, 'y': 1}, {'x': 0, 'y': 1}, {'x': 1, 'y': 0}, {'x': 0, 'y': 1}, {'x': 1, 'y': 0}, {'x': 0, 'y': 1}, {'x': 0, 'y': 1}, {'x': 1, 'y': 0}, {'x': 1, 'y': 0}, {'x': 0, 'y': -1}, {'x': -1, 'y': 0}, {'x': 0, 'y': 1}, {'x': -1, 'y': 0}, {'x': 0, 'y': -1}, {'x': 0, 'y': 1}, {'x': -1, 'y': 0}, {'x': -1, 'y': 0}, {'x': 0, 'y': -1}, {'x': 0, 'y': -1}, {'x': 0, 'y': -1}, {'x': 0, 'y': 1}, {'x': 0, 'y': 1}, {'x': 0, 'y': 1}, {'x': 1, 'y': 0}, {'x': 1, 'y': 0}, {'x': 1, 'y': 0}, {'x': 1, 'y': 0}, {'x': 1, 'y': 0}, {'x': 1, 'y': 0}, {'x': 0, 'y': -1}, {'x': -1, 'y': 0}, {'x': -1, 'y': 0}, {'x': -1, 'y': 0}, {'x': 0, 'y': -1}, {'x': -1, 'y': 0}, {'x': 0, 'y': 1}, {'x': 0, 'y': -1}, {'x': -1, 'y': 0}, {'x': 0, 'y': -1}, {'x': 0, 'y': -1}, {'x': 0, 'y': -1}, {'x': 0, 'y': 1}, {'x': 0, 'y': 1}, {'x': -1, 'y': 0}, {'x': 0, 'y': 1}]"
41,"##########
#------###
#---.--###
#--#--####
#-##-$-###
#--##--###
#@###$.###
#--#-$-###
#----.####
##########",True,False
42,"##########
#--#######
#-########
#--#----##
#-###--###
#--##-$###
#-.##$-###
#-$-.$-###
#-.$@-####
##########",True,False
43,"##########
#-----.--#
#-$-.$---#
#######-.#
#######$-#
#######.$#
########@#
##########
##########
##########",True,"[{'x': 0, 'y': -1}, {'x': -1, 'y': 0}, {'x': 0, 'y': -1}, {'x': 0, 'y': -1}, {'x': 1, 'y': 0}, {'x': 0, 'y': -1}, {'x': 0, 'y': -1}, {'x': -1, 'y': 0}, {'x': -1, 'y': 0}, {'x': -1, 'y': 0}, {'x': -1, 'y': 0}, {'x': 0, 'y': 1}, {'x': 1, 'y': 0}, {'x': 0, 'y': -1}, {'x': 1, 'y': 0}, {'x': 1, 'y': 0}, {'x': 1, 'y': 0}, {'x': 0, 'y': 1}, {'x': 0, 'y': 1}, {'x': -1, 'y': 0}, {'x': 0, 'y': 1}, {'x': 0, 'y': 1}, {'x': 1, 'y': 0}, {'x': 0, 'y': -1}, {'x': -1, 'y': 0}, {'x': 0, 'y': -1}, {'x': 0, 'y': -1}, {'x': 1, 'y': 0}, {'x': 0, 'y': -1}, {'x': -1, 'y': 0}, {'x': -1, 'y': 0}, {'x': -1, 'y': 0}, {'x': 0, 'y': 1}, {'x': 1, 'y': 0}, {'x': 0, 'y': -1}, {'x': 1, 'y': 0}, {'x': 0, 'y': 1}, {'x': 0, 'y': 1}, {'x': 0, 'y': 1}, {'x': 0, 'y': -1}, {'x': 0, 'y': -1}, {'x': -1, 'y': 0}, {'x': -1, 'y': 0}, {'x': -1, 'y': 0}, {'x': -1, 'y': 0}, {'x': 0, 'y': -1}, {'x': -1, 'y': 0}, {'x': -1, 'y': 0}, {'x': 0, 'y': 1}, {'x': 1, 'y': 0}, {'x': 1, 'y': 0}, {'x': 0, 'y': -1}, {'x': 1, 'y': 0}, {'x': 1, 'y': 0}]"
44,"##########
#####--.-#
#####@$$-#
######--##
######--##
######---#
######.$##
#####-.$-#
####----.#
##########",True,"[{'x': 0, 'y': -1}, {'x': 1, 'y': 0}, {'x': 0, 'y': 1}, {'x': 0, 'y': -1}, {'x': 1, 'y': 0}, {'x': 1, 'y': 0}, {'x': 0, 'y': 1}, {'x': -1, 'y': 0}, {'x': 0, 'y': 1}, {'x': 0, 'y': 1}, {'x': -1, 'y': 0}, {'x': 0, 'y': 1}, {'x': 0, 'y': 1}, {'x': 0, 'y': 1}, {'x': 0, 'y': 1}, {'x': 1, 'y': 0}, {'x': 1, 'y': 0}, {'x': 0, 'y': -1}, {'x': -1, 'y': 0}, {'x': 0, 'y': -1}, {'x': -1, 'y': 0}, {'x': 0, 'y': 1}, {'x': -1, 'y': 0}, {'x': 0, 'y': 1}, {'x': 1, 'y': 0}, {'x': 1, 'y': 0}, {'x': 0, 'y': -1}, {'x': -1, 'y': 0}, {'x': 0, 'y': -1}, {'x': 0, 'y': -1}, {'x': 0, 'y': -1}, {'x': 1, 'y': 0}, {'x': 0, 'y': -1}, {'x': 0, 'y': -1}, {'x': 0, 'y': -1}, {'x': -1, 'y': 0}, {'x': -1, 'y': 0}, {'x': 0, 'y': 1}, {'x': 1, 'y': 0}, {'x': 0, 'y': 1}, {'x': 0, 'y': 1}, {'x': 0, 'y': 1}, {'x': 0, 'y': 1}, {'x': 1, 'y': 0}, {'x': 0, 'y': -1}, {'x': -1, 'y': 0}, {'x': 0, 'y': -1}, {'x': 0, 'y': -1}, {'x': 0, 'y': -1}, {'x': 0, 'y': -1}, {'x': 1, 'y': 0}, {'x': 1, 'y': 0}, {'x': 0, 'y': 1}, {'x': -1, 'y': 0}, {'x': 0, 'y': -1}, {'x': -1, 'y': 0}, {'x': 0, 'y': 1}, {'x': 0, 'y': 1}, {'x': 0, 'y': 1}, {'x': 0, 'y': 1}, {'x': 1, 'y': 0}, {'x': 0, 'y': -1}, {'x': 0, 'y': -1}, {'x': 0, 'y': -1}]"
45,"##########
#####-.@-#
####-$-$-#
####-..$-#
#######$.#
#######--#
########-#
##########
##########
##########",True,"[{'x': -1, 'y': 0}, {'x': 0, 'y': 1}, {'x': 0, 'y': 1}, {'x': -1, 'y': 0}, {'x': -1, 'y': 0}, {'x': 0, 'y': -1}, {'x': 1, 'y': 0}, {'x': 0, 'y': -1}, {'x': 1, 'y': 0}, {'x': 1, 'y': 0}, {'x': 1, 'y': 0}, {'x': 0, 'y': 1}, {'x': 0, 'y': 1}, {'x': -1, 'y': 0}, {'x': -1, 'y': 0}, {'x': 0, 'y': -1}, {'x': 1, 'y': 0}, {'x': 0, 'y': 1}, {'x': 1, 'y': 0}, {'x': 0, 'y': 1}, {'x': 0, 'y': 1}, {'x': -1, 'y': 0}, {'x': 0, 'y': -1}, {'x': 1, 'y': 0}, {'x': 0, 'y': -1}, {'x': -1, 'y': 0}, {'x': 0, 'y': -1}, {'x': 0, 'y': -1}, {'x': 1, 'y': 0}, {'x': 0, 'y': 1}, {'x': 0, 'y': 1}]"
46,"##########
#.----####
#.--#-####
#-$#######
#-$@######
#-$-######
#-.#######
#.$#######
#--#######
##########",True,"[{'x': 0, 'y': 1}, {'x': -1, 'y': 0}, {'x': 0, 'y': 1}, {'x': -1, 'y': 0}, {'x': 0, 'y': 1}, {'x': 0, 'y': 1}, {'x': 1, 'y': 0}, {'x': 0, 'y': -1}, {'x': -1, 'y': 0}, {'x': 0, 'y': -1}, {'x': 0, 'y': -1}, {'x': 0, 'y': -1}, {'x': 0, 'y': -1}, {'x': 0, 'y': 1}, {'x': 0, 'y': 1}, {'x': 1, 'y': 0}, {'x': 1, 'y': 0}, {'x': 0, 'y': -1}, {'x': -1, 'y': 0}, {'x': 0, 'y': -1}, {'x': -1, 'y': 0}, {'x': 0, 'y': 1}, {'x': 0, 'y': 1}, {'x': 0, 'y': 1}, {'x': 0, 'y': -1}, {'x': 1, 'y': 0}, {'x': 0, 'y': -1}, {'x': 0, 'y': -1}, {'x': 0, 'y': -1}, {'x': 1, 'y': 0}, {'x': 0, 'y': -1}, {'x': -1, 'y': 0}]"
47,"##########
##########
##########
##########
#####-####
#--.----##
#-$#$.####
#-$.-@####
#-.-$-####
##########",True,"[{'x': 0, 'y': -1}, {'x': 0, 'y': -1}, {'x': -1, 'y': 0}, {'x': 0, 'y': 1}, {'x': 1, 'y': 0}, {'x': 0, 'y': 1}, {'x': 0, 'y': 1}, {'x': -1, 'y': 0}, {'x': -1, 'y': 0}, {'x': 0, 'y': -1}, {'x': 1, 'y': 0}, {'x': 0, 'y': 1}, {'x': 1, 'y': 0}, {'x': 0, 'y': -1}, {'x': -1, 'y': 0}, {'x': 0, 'y': -1}, {'x': 0, 'y': -1}, {'x': -1, 'y': 0}, {'x': -1, 'y': 0}, {'x': -1, 'y': 0}, {'x': 0, 'y': 1}, {'x': 0, 'y': 1}, {'x': 1, 'y': 0}, {'x': 0, 'y': -1}, {'x': -1, 'y': 0}, {'x': 0, 'y': -1}, {'x': 1, 'y': 0}]"
48,"##########
##--######
#@$-######
#---###--#
##$-###$-#
#--####--#
#--####.-#
#-.-###$-#
#.--.----#
##########",True,"[{'x': 0, 'y': 1}, {'x': 1, 'y': 0}, {'x': 0, 'y': 1}, {'x': 0, 'y': 1}, {'x': -1, 'y': 0}, {'x': 0, 'y': 1}, {'x': 0, 'y': 1}, {'x': 1, 'y': 0}, {'x': 1, 'y': 0}, {'x': 0, 'y': 1}, {'x': 1, 'y': 0}, {'x': 1, 'y': 0}, {'x': 1, 'y': 0}, {'x': 1, 'y': 0}, {'x': 1, 'y': 0}, {'x': 0, 'y': -1}, {'x': 0, 'y': -1}, {'x': -1, 'y': 0}, {'x': 0, 'y': 1}, {'x': 0, 'y': -1}, {'x': 0, 'y': -1}, {'x': 1, 'y': 0}, {'x': 0, 'y': -1}, {'x': 0, 'y': -1}, {'x': -1, 'y': 0}, {'x': 0, 'y': 1}, {'x': 0, 'y': 1}, {'x': 1, 'y': 0}, {'x': 0, 'y': 1}, {'x': 0, 'y': 1}, {'x': 0, 'y': 1}, {'x': -1, 'y': 0}, {'x': -1, 'y': 0}, {'x': -1, 'y': 0}, {'x': -1, 'y': 0}, {'x': -1, 'y': 0}, {'x': 0, 'y': -1}, {'x': -1, 'y': 0}, {'x': -1, 'y': 0}, {'x': 0, 'y': -1}, {'x': 0, 'y': -1}, {'x': 1, 'y': 0}, {'x': 0, 'y': 1}, {'x': -1, 'y': 0}, {'x': 0, 'y': 1}, {'x': 0, 'y': 1}, {'x': 1, 'y': 0}, {'x': 1, 'y': 0}, {'x': 0, 'y': -1}, {'x': -1, 'y': 0}, {'x': 0, 'y': -1}, {'x': 0, 'y': -1}, {'x': 0, 'y': -1}, {'x': 1, 'y': 0}, {'x': 0, 'y': -1}, {'x': 0, 'y': -1}, {'x': 0, 'y': -1}, {'x': -1, 'y': 0}, {'x': 0, 'y': 1}, {'x': 0, 'y': 1}, {'x': 0, 'y': 1}, {'x': 0, 'y': 1}, {'x': 0, 'y': 1}, {'x': -1, 'y': 0}, {'x': 0, 'y': 1}]"
49,"##########
#.----.-.#
#--$-#--##
##$--##-##
##--##--##
##$---$-##
##--#@--##
#####$.###
#####--###
##########",True,False
50,"##########
#-----.--#
#-$-.$---#
#######-.#
#######$-#
#######.$#
########@#
##########
##########
##########",True,"[{'x': 0, 'y': -1}, {'x': -1, 'y': 0}, {'x': 0, 'y': -1}, {'x': 0, 'y': -1}, {'x': 1, 'y': 0}, {'x': 0, 'y': -1}, {'x': 0, 'y': -1}, {'x': -1, 'y': 0}, {'x': -1, 'y': 0}, {'x': -1, 'y': 0}, {'x': -1, 'y': 0}, {'x': 0, 'y': 1}, {'x': 1, 'y': 0}, {'x': 0, 'y': -1}, {'x': 1, 'y': 0}, {'x': 1, 'y': 0}, {'x': 1, 'y': 0}, {'x': 0, 'y': 1}, {'x': 0, 'y': 1}, {'x': -1, 'y': 0}, {'x': 0, 'y': 1}, {'x': 0, 'y': 1}, {'x': 1, 'y': 0}, {'x': 0, 'y': -1}, {'x': -1, 'y': 0}, {'x': 0, 'y': -1}, {'x': 0, 'y': -1}, {'x': 1, 'y': 0}, {'x': 0, 'y': -1}, {'x': -1, 'y': 0}, {'x': -1, 'y': 0}, {'x': -1, 'y': 0}, {'x': 0, 'y': 1}, {'x': 1, 'y': 0}, {'x': 0, 'y': -1}, {'x': 1, 'y': 0}, {'x': 0, 'y': 1}, {'x': 0, 'y': 1}, {'x': 0, 'y': 1}, {'x': 0, 'y': -1}, {'x': 0, 'y': -1}, {'x': -1, 'y': 0}, {'x': -1, 'y': 0}, {'x': -1, 'y': 0}, {'x': -1, 'y': 0}, {'x': 0, 'y': -1}, {'x': -1, 'y': 0}, {'x': -1, 'y': 0}, {'x': 0, 'y': 1}, {'x': 1, 'y': 0}, {'x': 1, 'y': 0}, {'x': 0, 'y': -1}, {'x': 1, 'y': 0}, {'x': 1, 'y': 0}]"
51,"##########
######-###
#####---##
####-#.-##
#-$---.--#
#@$--#---#
####$-#$-#
####-##--#
####..---#
##########",True,"[{'x': 0, 'y': -1}, {'x': 1, 'y': 0}, {'x': 1, 'y': 0}, {'x': 1, 'y': 0}, {'x': 1, 'y': 0}, {'x': 1, 'y': 0}, {'x': 0, 'y': 1}, {'x': 1, 'y': 0}, {'x': 1, 'y': 0}, {'x': 0, 'y': -1}, {'x': -1, 'y': 0}, {'x': 0, 'y': 1}, {'x': -1, 'y': 0}, {'x': 0, 'y': -1}, {'x': 1, 'y': 0}, {'x': 1, 'y': 0}, {'x': 0, 'y': 1}, {'x': 0, 'y': 1}, {'x': 0, 'y': 1}, {'x': -1, 'y': 0}, {'x': 0, 'y': 1}, {'x': -1, 'y': 0}, {'x': -1, 'y': 0}, {'x': -1, 'y': 0}, {'x': 0, 'y': -1}, {'x': 0, 'y': -1}, {'x': 0, 'y': -1}, {'x': -1, 'y': 0}, {'x': 0, 'y': -1}, {'x': -1, 'y': 0}, {'x': -1, 'y': 0}, {'x': 0, 'y': 1}, {'x': 1, 'y': 0}, {'x': 1, 'y': 0}, {'x': 0, 'y': -1}, {'x': 1, 'y': 0}, {'x': 0, 'y': 1}, {'x': 0, 'y': 1}, {'x': 0, 'y': 1}, {'x': 0, 'y': -1}, {'x': 0, 'y': -1}, {'x': 0, 'y': -1}, {'x': 1, 'y': 0}, {'x': 1, 'y': 0}, {'x': 0, 'y': 1}, {'x': 1, 'y': 0}, {'x': 1, 'y': 0}, {'x': 0, 'y': -1}, {'x': -1, 'y': 0}, {'x': 0, 'y': 1}, {'x': 0, 'y': 1}, {'x': 0, 'y': 1}, {'x': 1, 'y': 0}, {'x': 0, 'y': 1}, {'x': -1, 'y': 0}, {'x': -1, 'y': 0}]"
52,"##########
##########
##########
##########
##########
######-###
#--.##-###
#-$--$--.#
##..-$-$@#
##########",True,"[{'x': 0, 'y': -1}, {'x': -1, 'y': 0}, {'x': -1, 'y': 0}, {'x': 0, 'y': 1}, {'x': -1, 'y': 0}, {'x': 1, 'y': 0}, {'x': 0, 'y': -1}, {'x': 1, 'y': 0}, {'x': 1, 'y': 0}, {'x': 0, 'y': 1}, {'x': -1, 'y': 0}, {'x': 0, 'y': -1}, {'x': -1, 'y': 0}, {'x': -1, 'y': 0}, {'x': 0, 'y': 1}, {'x': -1, 'y': 0}, {'x': -1, 'y': 0}, {'x': 0, 'y': -1}, {'x': 1, 'y': 0}, {'x': 1, 'y': 0}, {'x': -1, 'y': 0}, {'x': -1, 'y': 0}, {'x': 0, 'y': -1}, {'x': -1, 'y': 0}, {'x': -1, 'y': 0}, {'x': 0, 'y': 1}, {'x': 1, 'y': 0}, {'x': 1, 'y': 0}, {'x': 0, 'y': 1}, {'x': 1, 'y': 0}, {'x': 1, 'y': 0}, {'x': 0, 'y': -1}, {'x': -1, 'y': 0}, {'x': 0, 'y': 1}, {'x': -1, 'y': 0}, {'x': 0, 'y': -1}, {'x': 1, 'y': 0}, {'x': 1, 'y': 0}, {'x': 1, 'y': 0}, {'x': 1, 'y': 0}, {'x': 0, 'y': 1}, {'x': -1, 'y': 0}, {'x': -1, 'y': 0}, {'x': -1, 'y': 0}]"
53,"##########
#-----####
#-$---####
#.--######
#--#######
#-$#######
#---######
#..$@#####
#-.#--####
##########",True,False
54,"##########
####--.-.#
####-$$--#
#####@$.-#
#######$-#
######--.#
##########
##########
##########
##########",True,"[{'x': 0, 'y': -1}, {'x': 1, 'y': 0}, {'x': 0, 'y': -1}, {'x': 1, 'y': 0}, {'x': 1, 'y': 0}, {'x': 0, 'y': 1}, {'x': 0, 'y': 1}, {'x': 0, 'y': 1}, {'x': 0, 'y': 1}, {'x': -1, 'y': 0}, {'x': 0, 'y': -1}, {'x': 1, 'y': 0}, {'x': 0, 'y': -1}, {'x': 0, 'y': -1}, {'x': 0, 'y': -1}, {'x': -1, 'y': 0}, {'x': -1, 'y': 0}, {'x': 0, 'y': 1}, {'x': 1, 'y': 0}, {'x': 0, 'y': -1}, {'x': 1, 'y': 0}, {'x': 0, 'y': 1}, {'x': 0, 'y': 1}, {'x': 0, 'y': 1}, {'x': -1, 'y': 0}, {'x': 0, 'y': -1}, {'x': 0, 'y': -1}, {'x': -1, 'y': 0}, {'x': 0, 'y': -1}, {'x': 1, 'y': 0}, {'x': -1, 'y': 0}, {'x': 0, 'y': 1}, {'x': -1, 'y': 0}, {'x': -1, 'y': 0}, {'x': 0, 'y': -1}, {'x': 1, 'y': 0}, {'x': 0, 'y': 1}, {'x': 0, 'y': 1}, {'x': 1, 'y': 0}]"
55,"##########
#-#####.-#
#--####$-#
#-$#-##--#
#--#--#--#
#-$-.-#--#
#-.$-##-##
#-@#######
#-########
##########",True,False
56,"##########
##########
##########
##########
##########
##@-#-####
#-$$$-####
#---$-####
#-....####
##########",True,"[{'x': 0, 'y': 1}, {'x': -1, 'y': 0}, {'x': 0, 'y': 1}, {'x': 0, 'y': 1}, {'x': 1, 'y': 0}, {'x': 1, 'y': 0}, {'x': 1, 'y': 0}, {'x': 1, 'y': 0}, {'x': 0, 'y': -1}, {'x': -1, 'y': 0}, {'x': 0, 'y': 1}, {'x': -1, 'y': 0}, {'x': -1, 'y': 0}, {'x': -1, 'y': 0}, {'x': 0, 'y': -1}, {'x': 0, 'y': -1}, {'x': 1, 'y': 0}, {'x': 0, 'y': 1}, {'x': -1, 'y': 0}, {'x': 0, 'y': 1}, {'x': 1, 'y': 0}, {'x': 1, 'y': 0}, {'x': 1, 'y': 0}, {'x': 0, 'y': -1}, {'x': -1, 'y': 0}, {'x': 0, 'y': 1}, {'x': -1, 'y': 0}, {'x': -1, 'y': 0}, {'x': 0, 'y': -1}, {'x': 0, 'y': -1}, {'x': 1, 'y': 0}, {'x': 0, 'y': 1}, {'x': 0, 'y': -1}, {'x': 0, 'y': -1}, {'x': 1, 'y': 0}, {'x': 0, 'y': 1}, {'x': 0, 'y': 1}, {'x': 1, 'y': 0}, {'x': 1, 'y': 0}, {'x': 0, 'y': -1}, {'x': -1, 'y': 0}, {'x': -1, 'y': 0}, {'x': 0, 'y': -1}, {'x': -1, 'y': 0}, {'x': 0, 'y': 1}, {'x': -1, 'y': 0}, {'x': 0, 'y': 1}, {'x': 1, 'y': 0}, {'x': 1, 'y': 0}, {'x': 0, 'y': -1}, {'x': 1, 'y': 0}, {'x': 0, 'y': 1}]"
57,"##########
#####----#
#####-$-.#
####--#$@#
####--#-.#
####--#.-#
####-$---#
####.#$--#
#####----#
##########",True,"[{'x': 0, 'y': -1}, {'x': -1, 'y': 0}, {'x': 0, 'y': 1}, {'x': 0, 'y': 1}, {'x': 0, 'y': -1}, {'x': 0, 'y': -1}, {'x': 0, 'y': -1}, {'x': -1, 'y': 0}, {'x': -1, 'y': 0}, {'x': 0, 'y': 1}, {'x': 1, 'y': 0}, {'x': 1, 'y': 0}, {'x': -1, 'y': 0}, {'x': -1, 'y': 0}, {'x': 0, 'y': 1}, {'x': 0, 'y': 1}, {'x': -1, 'y': 0}, {'x': 0, 'y': 1}, {'x': 0, 'y': 1}, {'x': 1, 'y': 0}, {'x': 1, 'y': 0}, {'x': 1, 'y': 0}, {'x': 0, 'y': 1}, {'x': 0, 'y': 1}, {'x': -1, 'y': 0}, {'x': 0, 'y': -1}, {'x': 1, 'y': 0}, {'x': 1, 'y': 0}, {'x': 0, 'y': -1}, {'x': 0, 'y': -1}, {'x': 0, 'y': 1}, {'x': -1, 'y': 0}, {'x': -1, 'y': 0}, {'x': -1, 'y': 0}, {'x': 0, 'y': -1}, {'x': -1, 'y': 0}, {'x': 0, 'y': 1}]"
58,"##########
#-.--$.-@#
#$$.--$-##
#--##--###
#-########
#.-#######
#-########
##########
##########
##########",True,"[{'x': -1, 'y': 0}, {'x': 0, 'y': 1}, {'x': -1, 'y': 0}, {'x': -1, 'y': 0}, {'x': -1, 'y': 0}, {'x': 0, 'y': -1}, {'x': 1, 'y': 0}, {'x': -1, 'y': 0}, {'x': -1, 'y': 0}, {'x': -1, 'y': 0}, {'x': -1, 'y': 0}, {'x': 0, 'y': 1}, {'x': 0, 'y': 1}, {'x': 0, 'y': 1}, {'x': 0, 'y': -1}, {'x': 1, 'y': 0}, {'x': 0, 'y': -1}]"
59,"##########
#----.-$-#
#-$$--$--#
###@-#####
###.-#####
##########
##########
##########
##########
##########",True,False
60,"##########
#-$---.--#
#--..$-$-#
###-$@.###
##########
##########
##########
##########
##########
##########",True,"[{'x': 1, 'y': 0}, {'x': 0, 'y': -1}, {'x': -1, 'y': 0}, {'x': 0, 'y': -1}, {'x': -1, 'y': 0}, {'x': -1, 'y': 0}, {'x': 0, 'y': 1}, {'x': -1, 'y': 0}, {'x': -1, 'y': 0}, {'x': 0, 'y': -1}, {'x': 1, 'y': 0}, {'x': 1, 'y': 0}, {'x': 1, 'y': 0}, {'x': -1, 'y': 0}, {'x': 0, 'y': 1}, {'x': 0, 'y': 1}, {'x': 1, 'y': 0}, {'x': 1, 'y': 0}, {'x': 0, 'y': -1}, {'x': -1, 'y': 0}, {'x': -1, 'y': 0}, {'x': 1, 'y': 0}, {'x': 1, 'y': 0}, {'x': 1, 'y': 0}, {'x': 0, 'y': -1}, {'x': 1, 'y': 0}, {'x': 1, 'y': 0}, {'x': 0, 'y': 1}, {'x': -1, 'y': 0}, {'x': -1, 'y': 0}, {'x': -1, 'y': 0}, {'x': 0, 'y': 1}, {'x': -1, 'y': 0}, {'x': -1, 'y': 0}, {'x': 0, 'y': -1}, {'x': 0, 'y': -1}, {'x': -1, 'y': 0}, {'x': -1, 'y': 0}, {'x': 0, 'y': 1}, {'x': 1, 'y': 0}, {'x': 0, 'y': -1}, {'x': 1, 'y': 0}, {'x': 1, 'y': 0}, {'x': 1, 'y': 0}]"
61,"##########
#--..#####
#$$--#####
#-$--#####
#--.######
#.$#######
##@#######
##########
##########
##########",True,"[{'x': 0, 'y': -1}, {'x': -1, 'y': 0}, {'x': 0, 'y': -1}, {'x': 0, 'y': -1}, {'x': 1, 'y': 0}, {'x': -1, 'y': 0}, {'x': 0, 'y': 1}, {'x': 0, 'y': 1}, {'x': 1, 'y': 0}, {'x': 0, 'y': -1}, {'x': 1, 'y': 0}, {'x': 0, 'y': -1}, {'x': 1, 'y': 0}, {'x': 0, 'y': -1}, {'x': 0, 'y': -1}, {'x': -1, 'y': 0}, {'x': -1, 'y': 0}, {'x': -1, 'y': 0}, {'x': 0, 'y': 1}, {'x': 0, 'y': 1}, {'x': 0, 'y': 1}, {'x': 0, 'y': -1}, {'x': 1, 'y': 0}, {'x': 0, 'y': -1}, {'x': -1, 'y': 0}, {'x': 0, 'y': -1}, {'x': 1, 'y': 0}, {'x': 0, 'y': 1}, {'x': 1, 'y': 0}, {'x': 0, 'y': 1}, {'x': 1, 'y': 0}, {'x': 0, 'y': -1}]"
62,"##########
##########
##########
#####@####
#####$##-#
#####-.--#
#--$--#--#
##---.$$.#
#-----.--#
##########",True,"[{'x': 0, 'y': 1}, {'x': 0, 'y': 1}, {'x': 0, 'y': 1}, {'x': 0, 'y': 1}, {'x': 0, 'y': -1}, {'x': 0, 'y': -1}, {'x': 1, 'y': 0}, {'x': 1, 'y': 0}, {'x': 1, 'y': 0}, {'x': 0, 'y': 1}, {'x': 0, 'y': 1}, {'x': 0, 'y': 1}, {'x': -1, 'y': 0}, {'x': 0, 'y': -1}, {'x': -1, 'y': 0}, {'x': -1, 'y': 0}, {'x': -1, 'y': 0}, {'x': 0, 'y': 1}, {'x': 1, 'y': 0}, {'x': -1, 'y': 0}, {'x': -1, 'y': 0}, {'x': -1, 'y': 0}, {'x': 0, 'y': -1}, {'x': 0, 'y': -1}, {'x': 1, 'y': 0}, {'x': 1, 'y': 0}, {'x': 0, 'y': 1}, {'x': 1, 'y': 0}, {'x': 1, 'y': 0}, {'x': 1, 'y': 0}, {'x': 1, 'y': 0}, {'x': 0, 'y': -1}, {'x': 0, 'y': -1}, {'x': -1, 'y': 0}, {'x': -1, 'y': 0}, {'x': -1, 'y': 0}, {'x': 0, 'y': 1}, {'x': -1, 'y': 0}, {'x': 0, 'y': 1}, {'x': 1, 'y': 0}, {'x': 1, 'y': 0}, {'x': 1, 'y': 0}, {'x': 0, 'y': -1}, {'x': 1, 'y': 0}, {'x': 0, 'y': -1}, {'x': -1, 'y': 0}, {'x': 0, 'y': 1}, {'x': 0, 'y': 1}, {'x': -1, 'y': 0}, {'x': -1, 'y': 0}, {'x': -1, 'y': 0}, {'x': 0, 'y': 1}, {'x': -1, 'y': 0}, {'x': -1, 'y': 0}, {'x': 0, 'y': -1}, {'x': 1, 'y': 0}, {'x': 1, 'y': 0}]"
63,"##########
#----#####
#--$-#####
#-.-.#####
#--$@#####
#-#-######
#-#--#--##
#-$-.$-$-#
#.--.-.--#
##########",True,False
64,"##########
#--#######
#-$-######
#---######
#--.-#####
#-$$-#####
#-..@#####
##########
##########
##########",True,"[{'x': 0, 'y': -1}, {'x': 0, 'y': -1}, {'x': -1, 'y': 0}, {'x': 0, 'y': 1}, {'x': 0, 'y': -1}, {'x': -1, 'y': 0}, {'x': -1, 'y': 0}, {'x': 0, 'y': -1}, {'x': 0, 'y': -1}, {'x': 0, 'y': -1}, {'x': 1, 'y': 0}, {'x': 0, 'y': 1}, {'x': 0, 'y': 1}, {'x': -1, 'y': 0}, {'x': 0, 'y': 1}, {'x': 1, 'y': 0}, {'x': 0, 'y': 1}]"
65,"##########
###-.--.-#
###$-.-$-#
###-$--$-#
###.@#####
###--#####
##########
##########
##########
##########",True,"[{'x': 0, 'y': -1}, {'x': 1, 'y': 0}, {'x': 0, 'y': -1}, {'x': 0, 'y': -1}, {'x': -1, 'y': 0}, {'x': -1, 'y': 0}, {'x': 0, 'y': 1}, {'x': 1, 'y': 0}, {'x': 0, 'y': 1}, {'x': 0, 'y': 1}, {'x': -1, 'y': 0}, {'x': 0, 'y': -1}, {'x': 1, 'y': 0}, {'x': 0, 'y': -1}, {'x': 1, 'y': 0}, {'x': 0, 'y': -1}, {'x': 1, 'y': 0}, {'x': 1, 'y': 0}, {'x': 1, 'y': 0}, {'x': 0, 'y': 1}, {'x': 0, 'y': 1}, {'x': -1, 'y': 0}, {'x': -1, 'y': 0}, {'x': -1, 'y': 0}, {'x': 0, 'y': -1}, {'x': -1, 'y': 0}, {'x': 0, 'y': 1}, {'x': -1, 'y': 0}, {'x': 0, 'y': 1}, {'x': 0, 'y': 1}, {'x': 1, 'y': 0}, {'x': 0, 'y': -1}, {'x': 0, 'y': -1}, {'x': 1, 'y': 0}, {'x': 1, 'y': 0}, {'x': 1, 'y': 0}, {'x': 0, 'y': -1}, {'x': -1, 'y': 0}, {'x': 0, 'y': -1}, {'x': -1, 'y': 0}, {'x': -1, 'y': 0}, {'x': -1, 'y': 0}, {'x': 0, 'y': 1}, {'x': 0, 'y': 1}, {'x': 1, 'y': 0}, {'x': 0, 'y': -1}]"
66,"##########
#####--###
#####-$@##
#####..-##
#####.--##
#####-$-##
#####-.-##
#####$$-##
#-------##
##########",True,"[{'x': 0, 'y': 1}, {'x': 0, 'y': 1}, {'x': 0, 'y': 1}, {'x': 0, 'y': 1}, {'x': -1, 'y': 0}, {'x': 0, 'y': -1}, {'x': 1, 'y': 0}, {'x': 0, 'y': 1}, {'x': 0, 'y': 1}, {'x': 0, 'y': 1}, {'x': -1, 'y': 0}, {'x': 0, 'y': -1}, {'x': 0, 'y': 1}, {'x': -1, 'y': 0}, {'x': 0, 'y': -1}, {'x': 0, 'y': -1}, {'x': 0, 'y': -1}, {'x': 1, 'y': 0}, {'x': 0, 'y': -1}, {'x': 1, 'y': 0}, {'x': 0, 'y': -1}, {'x': 0, 'y': -1}, {'x': -1, 'y': 0}, {'x': 0, 'y': -1}, {'x': -1, 'y': 0}, {'x': 0, 'y': 1}]"
67,"##########
###.----.#
###-.-$-$-#
###--##--#
###--###-#
###.---$-#
#######--#
#######$-#
#######@-#
##########",True,False
68,"##########
##########
##########
#--#######
#-########
#-##--####
#-$---$@##
#--.-$$###
#-.---####
##########",True,False
69,"##########
#-.--.####
#$$$-#####
#-$--#####
#-.#######
#.-#######
#-########
#-########
#-#########
##########",True,False
70,"##########
##########
#-########
#-########
#-########
#-.-##-###
#--#-$-$-#
#-#.$-$--#
#-@.--.-##
##########",True,False
71,"##########
#----#####
#-$-######
#..-######
#--#######
#-$#######
#--#######
#-.-$-####
#@$-######
##########",True,False
72,"##########
#--#######
#.$-######
#--#######
#--#######
#-$#######
#.-#######
#---$.###
#-.--$-#
##########",True,False
73,"##########
#-$-.#####
#--$######
#--$.-####
#.$--#####
#--#######
#-########
#--#######
#.@#######
##########",True,"[{'x': 0, 'y': -1}, {'x': -1, 'y': 0}, {'x': 0, 'y': -1}, {'x': 0, 'y': -1}, {'x': 1, 'y': 0}, {'x': 0, 'y': -1}, {'x': 0, 'y': -1}, {'x': 0, 'y': 1}, {'x': 1, 'y': 0}, {'x': 1, 'y': 0}, {'x': 0, 'y': -1}, {'x': -1, 'y': 0}, {'x': 0, 'y': 1}, {'x': -1, 'y': 0}, {'x': -1, 'y': 0}, {'x': 0, 'y': -1}, {'x': 0, 'y': -1}, {'x': 0, 'y': -1}, {'x': 1, 'y': 0}, {'x': 1, 'y': 0}, {'x': 0, 'y': 1}, {'x': -1, 'y': 0}, {'x': 0, 'y': 1}, {'x': 0, 'y': -1}, {'x': 0, 'y': -1}, {'x': -1, 'y': 0}, {'x': 0, 'y': 1}, {'x': 0, 'y': 1}, {'x': 0, 'y': 1}, {'x': 0, 'y': 1}, {'x': 0, 'y': 1}, {'x': 0, 'y': 1}, {'x': 0, 'y': -1}, {'x': 0, 'y': -1}, {'x': 0, 'y': -1}, {'x': 0, 'y': -1}, {'x': 1, 'y': 0}, {'x': 1, 'y': 0}, {'x': 0, 'y': 1}, {'x': -1, 'y': 0}]"
74,"##########
##########
##########
##########
##########
#-.-----##
#-$###-$@#
#-$-##--##
#.-.-$--.#
##########",True,"[{'x': -1, 'y': 0}, {'x': 0, 'y': -1}, {'x': -1, 'y': 0}, {'x': -1, 'y': 0}, {'x': -1, 'y': 0}, {'x': -1, 'y': 0}, {'x': -1, 'y': 0}, {'x': -1, 'y': 0}, {'x': 0, 'y': 1}, {'x': 0, 'y': 1}, {'x': 0, 'y': 1}, {'x': 1, 'y': 0}, {'x': 1, 'y': 0}, {'x': 0, 'y': -1}, {'x': -1, 'y': 0}, {'x': 0, 'y': -1}, {'x': -1, 'y': 0}, {'x': 0, 'y': 1}, {'x': 1, 'y': 0}, {'x': 1, 'y': 0}, {'x': 0, 'y': 1}, {'x': 1, 'y': 0}, {'x': 1, 'y': 0}, {'x': 1, 'y': 0}, {'x': 1, 'y': 0}, {'x': 0, 'y': -1}, {'x': 0, 'y': -1}, {'x': 0, 'y': -1}, {'x': -1, 'y': 0}, {'x': 0, 'y': 1}, {'x': 0, 'y': 1}, {'x': 1, 'y': 0}, {'x': 0, 'y': 1}, {'x': -1, 'y': 0}, {'x': -1, 'y': 0}, {'x': -1, 'y': 0}]"
75,"##########
##########
##########
##########
##########
###-#.--.#
##@$-.$-$#
###-$-.--#
######---#
##########",True,"[{'x': 1, 'y': 0}, {'x': 1, 'y': 0}, {'x': -1, 'y': 0}, {'x': 0, 'y': 1}, {'x': 1, 'y': 0}, {'x': 1, 'y': 0}, {'x': 1, 'y': 0}, {'x': 0, 'y': -1}, {'x': 0, 'y': 1}, {'x': 0, 'y': 1}, {'x': 1, 'y': 0}, {'x': 0, 'y': -1}, {'x': 1, 'y': 0}, {'x': 0, 'y': -1}, {'x': -1, 'y': 0}, {'x': 0, 'y': -1}, {'x': -1, 'y': 0}, {'x': 0, 'y': 1}]"
76,"##########
#-.-@--.-#
#-$.-$--.#
#-$--$---#
#######--#
##########
##########
##########
##########
##########",True,"[{'x': 0, 'y': 1}, {'x': 0, 'y': 1}, {'x': 1, 'y': 0}, {'x': 1, 'y': 0}, {'x': 0, 'y': -1}, {'x': 1, 'y': 0}, {'x': 1, 'y': 0}, {'x': 0, 'y': 1}, {'x': 0, 'y': 1}, {'x': -1, 'y': 0}, {'x': 0, 'y': -1}, {'x': 0, 'y': -1}, {'x': -1, 'y': 0}, {'x': -1, 'y': 0}, {'x': -1, 'y': 0}, {'x': 0, 'y': -1}, {'x': -1, 'y': 0}, {'x': -1, 'y': 0}, {'x': -1, 'y': 0}, {'x': 0, 'y': 1}, {'x': 0, 'y': 1}, {'x': 1, 'y': 0}, {'x': 0, 'y': -1}, {'x': 0, 'y': 1}, {'x': 1, 'y': 0}, {'x': 1, 'y': 0}, {'x': 1, 'y': 0}, {'x': 1, 'y': 0}, {'x': 1, 'y': 0}, {'x': 0, 'y': 1}, {'x': 1, 'y': 0}, {'x': 0, 'y': -1}]"
77,"##########
#@-#######
#$########
#--#######
#--#######
#-.-.--$-#
#.##.----#
#-#-###$-#
#--------#
##########",True,False
78,"##########
##########
##########
##########
##########
#######-.#
####--#-$#
##--$.-$-#
#@$--.-.-#
##########",True,"[{'x': 1, 'y': 0}, {'x': 1, 'y': 0}, {'x': 0, 'y': -1}, {'x': 1, 'y': 0}, {'x': 1, 'y': 0}, {'x': 0, 'y': 1}, {'x': 1, 'y': 0}, {'x': 1, 'y': 0}, {'x': 1, 'y': 0}, {'x': 0, 'y': -1}, {'x': 0, 'y': -1}, {'x': -1, 'y': 0}, {'x': 0, 'y': 1}, {'x': -1, 'y': 0}, {'x': 0, 'y': 1}, {'x': -1, 'y': 0}, {'x': -1, 'y': 0}, {'x': 0, 'y': -1}, {'x': -1, 'y': 0}, {'x': -1, 'y': 0}, {'x': 0, 'y': 1}, {'x': 1, 'y': 0}, {'x': 1, 'y': 0}]"
79,"##########
#--#######
#-########
#--#----##
#-##--####
#.$---####
#-$$$#####
#.-#######
#@--.#####
##########",True,False
80,"##########
##########
#-########
#-########
#-###@####
#-##$---##
#------$##
#-$.-..$-#
######---#
##########",True,False
81,"##########
######---#
######---#
#######..#
#######-.#
#######$-#
#-$--.--@#
#-$-$##--#
#----#####
##########",True,"[{'x': -1, 'y': 0}, {'x': -1, 'y': 0}, {'x': -1, 'y': 0}, {'x': -1, 'y': 0}, {'x': -1, 'y': 0}, {'x': 0, 'y': 1}, {'x': 0, 'y': 1}, {'x': -1, 'y': 0}, {'x': -1, 'y': 0}, {'x': 0, 'y': -1}, {'x': 0, 'y': -1}, {'x': 1, 'y': 0}, {'x': 1, 'y': 0}, {'x': 1, 'y': 0}, {'x': 1, 'y': 0}, {'x': 1, 'y': 0}, {'x': 1, 'y': 0}, {'x': 0, 'y': 1}, {'x': 1, 'y': 0}, {'x': 0, 'y': -1}, {'x': 0, 'y': -1}, {'x': 0, 'y': -1}, {'x': 0, 'y': 1}, {'x': 0, 'y': 1}, {'x': -1, 'y': 0}, {'x': -1, 'y': 0}, {'x': -1, 'y': 0}, {'x': -1, 'y': 0}, {'x': -1, 'y': 0}, {'x': 0, 'y': 1}, {'x': 0, 'y': 1}, {'x': -1, 'y': 0}, {'x': 0, 'y': -1}, {'x': -1, 'y': 0}, {'x': 0, 'y': -1}, {'x': 1, 'y': 0}, {'x': 1, 'y': 0}, {'x': 1, 'y': 0}, {'x': 1, 'y': 0}, {'x': 1, 'y': 0}, {'x': 1, 'y': 0}, {'x': 0, 'y': 1}, {'x': 1, 'y': 0}, {'x': 0, 'y': -1}, {'x': 0, 'y': -1}, {'x': 0, 'y': 1}, {'x': -1, 'y': 0}, {'x': 0, 'y': -1}, {'x': 0, 'y': -1}, {'x': 0, 'y': 1}, {'x': 0, 'y': 1}, {'x': -1, 'y': 0}, {'x': -1, 'y': 0}, {'x': -1, 'y': 0}, {'x': -1, 'y': 0}, {'x': 0, 'y': 1}, {'x': 0, 'y': 1}, {'x': 1, 'y': 0}, {'x': 0, 'y': -1}, {'x': -1, 'y': 0}, {'x': 0, 'y': -1}, {'x': 1, 'y': 0}]"
82,"##########
##########
##########
##########
####-#####
####-$-.-#
####@.$--#
##-$-##$.#
##------.#
##########",True,"[{'x': 0, 'y': -1}, {'x': 1, 'y': 0}, {'x': 1, 'y': 0}, {'x': -1, 'y': 0}, {'x': 0, 'y': 1}, {'x': -1, 'y': 0}, {'x': 0, 'y': 1}, {'x': 0, 'y': 1}, {'x': -1, 'y': 0}, {'x': -1, 'y': 0}, {'x': 0, 'y': -1}, {'x': 1, 'y': 0}, {'x': 0, 'y': 1}, {'x': 1, 'y': 0}, {'x': 1, 'y': 0}, {'x': 1, 'y': 0}, {'x': 1, 'y': 0}, {'x': 1, 'y': 0}, {'x': 0, 'y': -1}, {'x': 0, 'y': -1}, {'x': -1, 'y': 0}, {'x': -1, 'y': 0}, {'x': 0, 'y': -1}, {'x': -1, 'y': 0}, {'x': -1, 'y': 0}, {'x': 0, 'y': 1}, {'x': 0, 'y': 1}, {'x': -1, 'y': 0}, {'x': 0, 'y': 1}, {'x': 1, 'y': 0}, {'x': 1, 'y': 0}, {'x': 1, 'y': 0}, {'x': 1, 'y': 0}, {'x': 0, 'y': -1}, {'x': 1, 'y': 0}, {'x': 0, 'y': -1}, {'x': 0, 'y': -1}, {'x': -1, 'y': 0}, {'x': -1, 'y': 0}, {'x': 0, 'y': 1}, {'x': 1, 'y': 0}, {'x': 0, 'y': -1}, {'x': 1, 'y': 0}, {'x': 0, 'y': 1}, {'x': -1, 'y': 0}, {'x': 0, 'y': 1}, {'x': 0, 'y': 1}, {'x': -1, 'y': 0}, {'x': -1, 'y': 0}, {'x': -1, 'y': 0}, {'x': 0, 'y': -1}, {'x': 0, 'y': -1}, {'x': 0, 'y': -1}, {'x': 1, 'y': 0}, {'x': 1, 'y': 0}]"
83,"##########
#-.--#####
#.-$-#####
##-#######
##-#######
#--#######
#-$#######
#---$-####
#---$@####
##########",True,False
84,"##########
#-.--#####
#---$-####
#-#---####
#-#--#####
#-#--@####
#.#--#-#-#
#--#$$-$-#
#.----.--#
##########",True,"[{'x': -1, 'y': 0}, {'x': 0, 'y': -1}, {'x': 0, 'y': -1}, {'x': 1, 'y': 0}, {'x': 0, 'y': -1}, {'x': -1, 'y': 0}, {'x': -1, 'y': 0}, {'x': -1, 'y': 0}, {'x': 0, 'y': -1}, {'x': -1, 'y': 0}, {'x': 0, 'y': 1}, {'x': 0, 'y': 1}, {'x': 0, 'y': 1}, {'x': 0, 'y': 1}, {'x': 0, 'y': 1}, {'x': 0, 'y': 1}, {'x': 1, 'y': 0}, {'x': 0, 'y': 1}, {'x': 1, 'y': 0}, {'x': 1, 'y': 0}, {'x': 0, 'y': -1}, {'x': 0, 'y': -1}, {'x': 0, 'y': -1}, {'x': 0, 'y': -1}, {'x': 0, 'y': 1}, {'x': 0, 'y': 1}, {'x': 0, 'y': 1}, {'x': 0, 'y': 1}, {'x': 1, 'y': 0}, {'x': 1, 'y': 0}, {'x': 0, 'y': -1}, {'x': -1, 'y': 0}, {'x': 0, 'y': 1}, {'x': -1, 'y': 0}, {'x': 0, 'y': -1}, {'x': 0, 'y': -1}, {'x': -1, 'y': 0}, {'x': 0, 'y': -1}, {'x': 0, 'y': -1}, {'x': 1, 'y': 0}, {'x': 0, 'y': -1}, {'x': 1, 'y': 0}, {'x': 0, 'y': -1}, {'x': -1, 'y': 0}, {'x': 0, 'y': 1}, {'x': 0, 'y': 1}, {'x': 0, 'y': 1}, {'x': 0, 'y': 1}, {'x': 0, 'y': 1}, {'x': 1, 'y': 0}, {'x': 1, 'y': 0}, {'x': 0, 'y': 1}, {'x': 1, 'y': 0}, {'x': 1, 'y': 0}, {'x': 0, 'y': -1}, {'x': -1, 'y': 0}, {'x': -1, 'y': 0}, {'x': -1, 'y': 0}, {'x': 0, 'y': 1}, {'x': -1, 'y': 0}, {'x': 0, 'y': -1}, {'x': 0, 'y': -1}, {'x': 0, 'y': -1}, {'x': -1, 'y': 0}, {'x': 0, 'y': -1}, {'x': 0, 'y': -1}, {'x': 0, 'y': -1}, {'x': -1, 'y': 0}, {'x': -1, 'y': 0}, {'x': 0, 'y': 1}, {'x': 0, 'y': 1}, {'x': 0, 'y': 1}, {'x': 0, 'y': 1}, {'x': 0, 'y': 1}, {'x': 1, 'y': 0}, {'x': 0, 'y': 1}, {'x': 1, 'y': 0}, {'x': 1, 'y': 0}, {'x': 1, 'y': 0}, {'x': -1, 'y': 0}, {'x': 0, 'y': -1}, {'x': 0, 'y': -1}, {'x': 0, 'y': -1}, {'x': 0, 'y': -1}, {'x': 0, 'y': -1}, {'x': 1, 'y': 0}, {'x': 0, 'y': -1}, {'x': -1, 'y': 0}, {'x': -1, 'y': 0}, {'x': -1, 'y': 0}, {'x': 0, 'y': -1}, {'x': -1, 'y': 0}, {'x': 0, 'y': 1}, {'x': 1, 'y': 0}, {'x': 1, 'y': 0}, {'x': 1, 'y': 0}, {'x': 0, 'y': -1}, {'x': -1, 'y': 0}, {'x': 0, 'y': 1}, {'x': -1, 'y': 0}, {'x': -1, 'y': 0}, {'x': 0, 'y': 1}, {'x': 0, 'y': 1}, {'x': 0, 'y': 1}]"
85,"##########
##########
##########
##########
##########
##########
#.--###@-#
#$$--##$.#
#.----$.-#
##########",True,False
86,"##########
##########
##########
##########
##########
#######-.#
######-$-#
######$.-#
##-#-$-.-#
##########",True,False
87,"##########
#.--.--.##
#.$$$$--##
###@-#####
##########
##########
##########
##########
##########
##########",True,"[{'x': 1, 'y': 0}, {'x': 0, 'y': -1}, {'x': 1, 'y': 0}, {'x': 0, 'y': -1}, {'x': 1, 'y': 0}, {'x': 1, 'y': 0}, {'x': 0, 'y': 1}, {'x': -1, 'y': 0}, {'x': 0, 'y': -1}, {'x': -1, 'y': 0}, {'x': -1, 'y': 0}, {'x': -1, 'y': 0}, {'x': -1, 'y': 0}, {'x': 1, 'y': 0}, {'x': 1, 'y': 0}, {'x': 0, 'y': 1}, {'x': 0, 'y': 1}, {'x': -1, 'y': 0}, {'x': 0, 'y': -1}, {'x': -1, 'y': 0}, {'x': 0, 'y': -1}, {'x': 1, 'y': 0}, {'x': 1, 'y': 0}, {'x': 1, 'y': 0}, {'x': 1, 'y': 0}, {'x': 0, 'y': 1}, {'x': -1, 'y': 0}, {'x': 0, 'y': -1}, {'x': -1, 'y': 0}, {'x': -1, 'y': 0}, {'x': 0, 'y': 1}, {'x': 0, 'y': 1}, {'x': 1, 'y': 0}, {'x': 0, 'y': -1}]"
88,"##########
##########
##########
##########
#######-.#
######-$-#
######$.-#
##-#-$-.-#
#@$--.---#
##########",True,"[{'x': 1, 'y': 0}, {'x': 1, 'y': 0}, {'x': 1, 'y': 0}, {'x': 0, 'y': -1}, {'x': 1, 'y': 0}, {'x': 1, 'y': 0}, {'x': 0, 'y': 1}, {'x': 1, 'y': 0}, {'x': 1, 'y': 0}, {'x': 0, 'y': -1}, {'x': 0, 'y': -1}, {'x': 0, 'y': -1}, {'x': 0, 'y': -1}, {'x': -1, 'y': 0}, {'x': 0, 'y': 1}, {'x': 1, 'y': 0}, {'x': 0, 'y': 1}, {'x': 0, 'y': 1}, {'x': 0, 'y': 1}, {'x': -1, 'y': 0}, {'x': -1, 'y': 0}, {'x': 0, 'y': -1}, {'x': 1, 'y': 0}, {'x': 0, 'y': 1}, {'x': 1, 'y': 0}, {'x': 0, 'y': -1}, {'x': -1, 'y': 0}, {'x': -1, 'y': 0}, {'x': -1, 'y': 0}, {'x': -1, 'y': 0}, {'x': 0, 'y': 1}, {'x': 1, 'y': 0}, {'x': 1, 'y': 0}, {'x': 0, 'y': -1}, {'x': 1, 'y': 0}, {'x': 1, 'y': 0}, {'x': 0, 'y': -1}, {'x': 0, 'y': -1}, {'x': -1, 'y': 0}, {'x': -1, 'y': 0}, {'x': 0, 'y': 1}, {'x': 0, 'y': -1}, {'x': 1, 'y': 0}, {'x': 1, 'y': 0}, {'x': 0, 'y': 1}, {'x': 0, 'y': 1}, {'x': -1, 'y': 0}, {'x': -1, 'y': 0}, {'x': 0, 'y': 1}, {'x': -1, 'y': 0}, {'x': -1, 'y': 0}, {'x': 0, 'y': -1}, {'x': 1, 'y': 0}, {'x': 1, 'y': 0}, {'x': 0, 'y': -1}, {'x': 0, 'y': -1}, {'x': 1, 'y': 0}, {'x': 1, 'y': 0}, {'x': 0, 'y': 1}, {'x': 0, 'y': 1}, {'x': 0, 'y': 1}, {'x': -1, 'y': 0}, {'x': -1, 'y': 0}]"
89,"##########
#-.------#
#-$-$$.$-#
#-##-.#.@#
#-########
#-########
##########
##########
##########
##########",True,"[{'x': 0, 'y': -1}, {'x': 0, 'y': -1}, {'x': -1, 'y': 0}, {'x': -1, 'y': 0}, {'x': -1, 'y': 0}, {'x': 0, 'y': 1}, {'x': 0, 'y': -1}, {'x': -1, 'y': 0}, {'x': -1, 'y': 0}, {'x': 0, 'y': 1}, {'x': 1, 'y': 0}, {'x': 1, 'y': 0}, {'x': 0, 'y': -1}, {'x': 1, 'y': 0}, {'x': 1, 'y': 0}, {'x': 1, 'y': 0}, {'x': 0, 'y': 1}, {'x': 0, 'y': 1}, {'x': -1, 'y': 0}, {'x': 0, 'y': -1}, {'x': 1, 'y': 0}, {'x': 0, 'y': -1}, {'x': -1, 'y': 0}, {'x': -1, 'y': 0}, {'x': -1, 'y': 0}, {'x': 0, 'y': 1}, {'x': 1, 'y': 0}, {'x': 0, 'y': -1}, {'x': 1, 'y': 0}, {'x': 0, 'y': 1}, {'x': -1, 'y': 0}, {'x': -1, 'y': 0}, {'x': -1, 'y': 0}, {'x': -1, 'y': 0}, {'x': 0, 'y': -1}, {'x': -1, 'y': 0}, {'x': -1, 'y': 0}, {'x': 0, 'y': 1}, {'x': 1, 'y': 0}, {'x': 1, 'y': 0}, {'x': 1, 'y': 0}, {'x': 1, 'y': 0}, {'x': 0, 'y': -1}, {'x': -1, 'y': 0}, {'x': -1, 'y': 0}]"
90,"##########
#--#######
#.$-######
#--#######
#-########
#--.######
#@#--.#--#
#-$-$-$-$#
#-.--.-.-#
##########",True,False
91,"##########
##########
##########
##########
##########
##########
##@-#-####
#-$$$-####
#---$-####
#-....####
##########",True,"[{'x': 0, 'y': 1}, {'x': -1, 'y': 0}, {'x': 0, 'y': 1}, {'x': 0, 'y': 1}, {'x': 1, 'y': 0}, {'x': 1, 'y': 0}, {'x': 1, 'y': 0}, {'x': 1, 'y': 0}, {'x': 0, 'y': -1}, {'x': -1, 'y': 0}, {'x': 0, 'y': 1}, {'x': -1, 'y': 0}, {'x': -1, 'y': 0}, {'x': -1, 'y': 0}, {'x': 0, 'y': -1}, {'x': 0, 'y': -1}, {'x': 1, 'y': 0}, {'x': 0, 'y': 1}, {'x': -1, 'y': 0}, {'x': 0, 'y': 1}, {'x': 1, 'y': 0}, {'x': 1, 'y': 0}, {'x': 1, 'y': 0}, {'x': 0, 'y': -1}, {'x': -1, 'y': 0}, {'x': 0, 'y': 1}, {'x': -1, 'y': 0}, {'x': -1, 'y': 0}, {'x': 0, 'y': -1}, {'x': 0, 'y': -1}, {'x': 1, 'y': 0}, {'x': 0, 'y': 1}, {'x': 0, 'y': -1}, {'x': 0, 'y': -1}, {'x': 1, 'y': 0}, {'x': 0, 'y': 1}, {'x': 0, 'y': 1}, {'x': 1, 'y': 0}, {'x': 1, 'y': 0}, {'x': 0, 'y': -1}, {'x': -1, 'y': 0}, {'x': -1, 'y': 0}, {'x': 0, 'y': -1}, {'x': -1, 'y': 0}, {'x': 0, 'y': 1}, {'x': -1, 'y': 0}, {'x': 0, 'y': 1}, {'x': 1, 'y': 0}, {'x': 1, 'y': 0}, {'x': 0, 'y': -1}, {'x': 1, 'y': 0}, {'x': 0, 'y': 1}]"
92,"##########
#----#####
#.--$@####
#-#-.#####
#-#.-#####
#-##----##
#--#.#--##
#$$--#$#-#
#--------#
##########",True,"[{'x': -1, 'y': 0}, {'x': 0, 'y': -1}, {'x': -1, 'y': 0}, {'x': 0, 'y': 1}, {'x': 0, 'y': 1}, {'x': 1, 'y': 0}, {'x': 0, 'y': 1}, {'x': 0, 'y': 1}, {'x': 0, 'y': 1}, {'x': 0, 'y': 1}, {'x': 0, 'y': 1}, {'x': 1, 'y': 0}, {'x': 1, 'y': 0}, {'x': 0, 'y': -1}, {'x': 0, 'y': -1}, {'x': 1, 'y': 0}, {'x': 0, 'y': -1}, {'x': -1, 'y': 0}, {'x': -1, 'y': 0}, {'x': 1, 'y': 0}, {'x': 0, 'y': 1}, {'x': 0, 'y': 1}, {'x': 0, 'y': 1}, {'x': -1, 'y': 0}, {'x': -1, 'y': 0}, {'x': 0, 'y': -1}, {'x': 0, 'y': -1}, {'x': 0, 'y': -1}, {'x': 0, 'y': -1}, {'x': 0, 'y': 1}, {'x': 0, 'y': 1}, {'x': 0, 'y': 1}, {'x': 0, 'y': 1}, {'x': -1, 'y': 0}, {'x': -1, 'y': 0}, {'x': -1, 'y': 0}, {'x': 0, 'y': -1}, {'x': 0, 'y': -1}, {'x': 0, 'y': -1}, {'x': 0, 'y': -1}, {'x': 0, 'y': -1}, {'x': 0, 'y': 1}, {'x': 0, 'y': 1}, {'x': 0, 'y': 1}, {'x': 0, 'y': 1}, {'x': 1, 'y': 0}, {'x': 1, 'y': 0}, {'x': 0, 'y': 1}, {'x': 1, 'y': 0}, {'x': 0, 'y': -1}]"
93,"##########
##########
##########
##########
##########
#######.-#
####--#.$#
##--$.--.#
#@$--.-$-#
##########",True,False
94,"##########
##########
##########
#--#######
#-########
#--##-####
#.$-$---##
#-$---$..#
#-@----.-#
##########",True,"[{'x': -1, 'y': 0}, {'x': 0, 'y': -1}, {'x': 1, 'y': 0}, {'x': -1, 'y': 0}, {'x': 0, 'y': -1}, {'x': 0, 'y': -1}, {'x': 1, 'y': 0}, {'x': 0, 'y': 1}, {'x': 0, 'y': 1}, {'x': -1, 'y': 0}, {'x': 0, 'y': 1}, {'x': 1, 'y': 0}, {'x': 1, 'y': 0}, {'x': 1, 'y': 0}, {'x': 1, 'y': 0}, {'x': 1, 'y': 0}, {'x': -1, 'y': 0}, {'x': 0, 'y': -1}, {'x': 1, 'y': 0}, {'x': 1, 'y': 0}, {'x': 0, 'y': -1}, {'x': -1, 'y': 0}, {'x': -1, 'y': 0}, {'x': -1, 'y': 0}, {'x': -1, 'y': 0}, {'x': -1, 'y': 0}, {'x': 0, 'y': 1}, {'x': 1, 'y': 0}, {'x': 1, 'y': 0}, {'x': 1, 'y': 0}, {'x': 1, 'y': 0}]"
95,"##########
##########
##########
#####-####
###--.####
#--$$-$-##
#---.--###
#-#.-$-###
#@--#-####
##########",True,False
96,"##########
##########
##########
##########
#-.@.-####
#-$$$-####
#-#-$#####
#.#---####
#---.----#
##########",True,"[{'x': 0, 'y': 1}, {'x': 0, 'y': 1}, {'x': 0, 'y': 1}, {'x': 0, 'y': -1}, {'x': 0, 'y': -1}, {'x': 0, 'y': -1}, {'x': 1, 'y': 0}, {'x': 1, 'y': 0}, {'x': 0, 'y': 1}, {'x': -1, 'y': 0}, {'x': 0, 'y': -1}, {'x': -1, 'y': 0}, {'x': -1, 'y': 0}, {'x': -1, 'y': 0}, {'x': 0, 'y': 1}, {'x': 0, 'y': 1}, {'x': 0, 'y': 1}, {'x': 0, 'y': 1}, {'x': 1, 'y': 0}, {'x': 1, 'y': 0}, {'x': 0, 'y': -1}, {'x': 0, 'y': -1}, {'x': 0, 'y': -1}, {'x': -1, 'y': 0}, {'x': 0, 'y': -1}, {'x': -1, 'y': 0}, {'x': 0, 'y': 1}, {'x': 0, 'y': 1}, {'x': 0, 'y': -1}, {'x': 1, 'y': 0}, {'x': 1, 'y': 0}, {'x': 1, 'y': 0}, {'x': 0, 'y': -1}, {'x': -1, 'y': 0}, {'x': 0, 'y': 1}, {'x': 0, 'y': 1}, {'x': 0, 'y': 1}, {'x': 1, 'y': 0}, {'x': 0, 'y': -1}, {'x': 0, 'y': -1}]"
97,"##########
#--#######
#.$-######
#--#######
#--#######
#-$#######
#.-#######
#---$-####
#---.@-###
##########",True,"[{'x': 0, 'y': -1}, {'x': -1, 'y': 0}, {'x': -1, 'y': 0}, {'x': -1, 'y': 0}, {'x': 0, 'y': 1}, {'x': -1, 'y': 0}, {'x': 0, 'y': -1}, {'x': 1, 'y': 0}, {'x': 0, 'y': -1}, {'x': 0, 'y': -1}, {'x': -1, 'y': 0}, {'x': 0, 'y': -1}, {'x': 0, 'y': -1}, {'x': 1, 'y': 0}, {'x': 0, 'y': 1}, {'x': 0, 'y': 1}, {'x': 0, 'y': 1}, {'x': 0, 'y': 1}, {'x': -1, 'y': 0}, {'x': 0, 'y': -1}, {'x': 0, 'y': -1}, {'x': 1, 'y': 0}, {'x': 0, 'y': -1}, {'x': 0, 'y': -1}, {'x': -1, 'y': 0}, {'x': 0, 'y': -1}, {'x': 0, 'y': -1}, {'x': 1, 'y': 0}, {'x': 0, 'y': 1}, {'x': 0, 'y': 1}, {'x': 0, 'y': 1}, {'x': 0, 'y': 1}, {'x': 0, 'y': 1}, {'x': -1, 'y': 0}, {'x': 0, 'y': -1}, {'x': 0, 'y': -1}, {'x': 0, 'y': -1}, {'x': 0, 'y': 1}, {'x': 0, 'y': 1}, {'x': 0, 'y': 1}, {'x': 0, 'y': 1}, {'x': 0, 'y': 1}, {'x': 1, 'y': 0}, {'x': 1, 'y': 0}, {'x': 0, 'y': -1}, {'x': -1, 'y': 0}, {'x': 0, 'y': 1}, {'x': -1, 'y': 0}, {'x': 0, 'y': -1}]"
98,"##########
##########
##########
######-###
######-.-#
######-.-#
######-$-#
#@$-$.---#
#----#.$-#
##########",True,"[{'x': 0, 'y': 1}, {'x': 1, 'y': 0}, {'x': 1, 'y': 0}, {'x': 0, 'y': -1}, {'x': 1, 'y': 0}, {'x': 1, 'y': 0}, {'x': 1, 'y': 0}, {'x': 0, 'y': -1}, {'x': 0, 'y': -1}, {'x': 1, 'y': 0}, {'x': 1, 'y': 0}, {'x': 0, 'y': 1}, {'x': -1, 'y': 0}, {'x': 1, 'y': 0}, {'x': 0, 'y': 1}, {'x': 0, 'y': 1}, {'x': -1, 'y': 0}, {'x': 0, 'y': -1}, {'x': 0, 'y': -1}, {'x': 0, 'y': 1}, {'x': -1, 'y': 0}, {'x': -1, 'y': 0}, {'x': -1, 'y': 0}, {'x': -1, 'y': 0}, {'x': 0, 'y': 1}, {'x': -1, 'y': 0}, {'x': -1, 'y': 0}, {'x': 0, 'y': -1}, {'x': 1, 'y': 0}, {'x': 1, 'y': 0}, {'x': 1, 'y': 0}, {'x': 1, 'y': 0}, {'x': 1, 'y': 0}, {'x': 0, 'y': -1}, {'x': 1, 'y': 0}, {'x': 1, 'y': 0}, {'x': 0, 'y': -1}, {'x': 0, 'y': -1}, {'x': -1, 'y': 0}, {'x': -1, 'y': 0}, {'x': 0, 'y': 1}, {'x': 0, 'y': 1}, {'x': 1, 'y': 0}, {'x': 0, 'y': -1}, {'x': 1, 'y': 0}, {'x': 0, 'y': 1}, {'x': 0, 'y': 1}, {'x': 0, 'y': 1}, {'x': -1, 'y': 0}, {'x': 0, 'y': -1}, {'x': -1, 'y': 0}, {'x': 1, 'y': 0}, {'x': 0, 'y': -1}]"
99,"##########
#-$---.-.#
#--.-$-###
#-#--$-###
#--#---###
#-#####-##
#-####---#
#-#-$.-$-#
#----@---#
##########",True,False
