,level,is_unique,is_playable
0,"########
###--###
###@-###
###--###
###-####
#----*-#
#--$---#
#####.-#
########",False,"[{'x': 0, 'y': 1}, {'x': 0, 'y': 1}, {'x': 0, 'y': 1}, {'x': 1, 'y': 0}, {'x': 0, 'y': 1}, {'x': 1, 'y': 0}, {'x': 1, 'y': 0}, {'x': 0, 'y': -1}, {'x': -1, 'y': 0}, {'x': -1, 'y': 0}, {'x': 0, 'y': 1}, {'x': -1, 'y': 0}, {'x': 0, 'y': -1}, {'x': -1, 'y': 0}, {'x': -1, 'y': 0}, {'x': 0, 'y': 1}, {'x': 1, 'y': 0}, {'x': 1, 'y': 0}, {'x': 1, 'y': 0}, {'x': 0, 'y': -1}, {'x': -1, 'y': 0}, {'x': 0, 'y': -1}, {'x': 0, 'y': -1}, {'x': 1, 'y': 0}, {'x': 0, 'y': -1}, {'x': 0, 'y': -1}, {'x': -1, 'y': 0}, {'x': 0, 'y': 1}, {'x': 0, 'y': 1}, {'x': 0, 'y': 1}, {'x': 0, 'y': 1}, {'x': -1, 'y': 0}, {'x': 0, 'y': 1}, {'x': 1, 'y': 0}, {'x': 0, 'y': -1}, {'x': 1, 'y': 0}, {'x': 1, 'y': 0}, {'x': 1, 'y': 0}, {'x': 0, 'y': 1}, {'x': 0, 'y': 1}, {'x': -1, 'y': 0}, {'x': 0, 'y': -1}, {'x': 1, 'y': 0}, {'x': 0, 'y': -1}, {'x': -1, 'y': 0}, {'x': -1, 'y': 0}, {'x': -1, 'y': 0}, {'x': 0, 'y': 1}, {'x': 1, 'y': 0}, {'x': 0, 'y': -1}, {'x': 1, 'y': 0}, {'x': 0, 'y': 1}, {'x': -1, 'y': 0}, {'x': -1, 'y': 0}, {'x': -1, 'y': 0}, {'x': -1, 'y': 0}, {'x': 0, 'y': -1}, {'x': 1, 'y': 0}, {'x': 1, 'y': 0}, {'x': 1, 'y': 0}]"
1,"######
####--#
####@-#
####$.#
#---$.#
#-#-$.#
#----##
#######",True,False
2,"#########
#----####
#.$$.-###
#-.$$.-##
##-.$$.-#
###-.$$.#
####-@--#
#########",False,"[{'x': 1, 'y': 0}, {'x': 0, 'y': -1}, {'x': 0, 'y': 1}, {'x': -1, 'y': 0}, {'x': -1, 'y': 0}, {'x': 0, 'y': -1}, {'x': 1, 'y': 0}, {'x': 1, 'y': 0}, {'x': -1, 'y': 0}, {'x': -1, 'y': 0}, {'x': -1, 'y': 0}, {'x': 0, 'y': -1}, {'x': -1, 'y': 0}, {'x': 0, 'y': -1}, {'x': -1, 'y': 0}, {'x': 0, 'y': -1}, {'x': 0, 'y': -1}, {'x': 1, 'y': 0}, {'x': 1, 'y': 0}, {'x': 1, 'y': 0}, {'x': 0, 'y': 1}, {'x': 1, 'y': 0}, {'x': 0, 'y': 1}, {'x': 0, 'y': 1}, {'x': 0, 'y': -1}, {'x': 0, 'y': -1}, {'x': -1, 'y': 0}, {'x': 0, 'y': -1}, {'x': -1, 'y': 0}, {'x': -1, 'y': 0}, {'x': -1, 'y': 0}, {'x': 0, 'y': 1}, {'x': 0, 'y': 1}, {'x': 1, 'y': 0}, {'x': 0, 'y': 1}, {'x': 1, 'y': 0}, {'x': 1, 'y': 0}, {'x': -1, 'y': 0}, {'x': -1, 'y': 0}, {'x': 0, 'y': -1}, {'x': -1, 'y': 0}, {'x': 0, 'y': -1}, {'x': 0, 'y': -1}, {'x': 1, 'y': 0}, {'x': 0, 'y': 1}, {'x': 0, 'y': -1}, {'x': 1, 'y': 0}, {'x': 1, 'y': 0}, {'x': 0, 'y': 1}, {'x': -1, 'y': 0}, {'x': 0, 'y': 1}, {'x': 0, 'y': -1}, {'x': 0, 'y': -1}, {'x': -1, 'y': 0}, {'x': -1, 'y': 0}, {'x': 0, 'y': 1}, {'x': 0, 'y': 1}, {'x': 1, 'y': 0}, {'x': 0, 'y': 1}, {'x': 1, 'y': 0}, {'x': 0, 'y': 1}, {'x': 1, 'y': 0}, {'x': 0, 'y': 1}, {'x': 1, 'y': 0}, {'x': 1, 'y': 0}, {'x': 0, 'y': -1}, {'x': -1, 'y': 0}, {'x': 0, 'y': -1}, {'x': -1, 'y': 0}, {'x': 0, 'y': -1}, {'x': -1, 'y': 0}, {'x': 0, 'y': -1}, {'x': -1, 'y': 0}]"
3,"#######
###--##
##@$.##
#-$$--#
#-.-.-#
###---#
#######",False,"[{'x': 1, 'y': 0}, {'x': -1, 'y': 0}, {'x': 0, 'y': 1}, {'x': -1, 'y': 0}, {'x': 0, 'y': 1}, {'x': 1, 'y': 0}, {'x': 1, 'y': 0}, {'x': 0, 'y': 1}, {'x': 1, 'y': 0}, {'x': 1, 'y': 0}, {'x': 0, 'y': -1}, {'x': 0, 'y': -1}, {'x': -1, 'y': 0}, {'x': -1, 'y': 0}, {'x': 0, 'y': -1}, {'x': -1, 'y': 0}, {'x': 0, 'y': 1}]"
4,"#########
#---#####
#--.#--##
##-..--##
##-##-@-#
##-#------#
##-$-#####
##-$######
##-$######
##-$-#####
##--######
#########",True,False
5,"###########
#-@-....-##
#---####$##
##-#--$-$-#
##-$------#
##---######
###########",False,"[{'x': 0, 'y': 1}, {'x': 0, 'y': 1}, {'x': 0, 'y': 1}, {'x': 0, 'y': 1}, {'x': 1, 'y': 0}, {'x': 1, 'y': 0}, {'x': 0, 'y': -1}, {'x': 1, 'y': 0}, {'x': 1, 'y': 0}, {'x': 1, 'y': 0}, {'x': 0, 'y': -1}, {'x': -1, 'y': 0}, {'x': 0, 'y': 1}, {'x': 1, 'y': 0}, {'x': 1, 'y': 0}, {'x': 1, 'y': 0}, {'x': 0, 'y': -1}, {'x': -1, 'y': 0}, {'x': 0, 'y': 1}, {'x': -1, 'y': 0}, {'x': -1, 'y': 0}, {'x': -1, 'y': 0}, {'x': -1, 'y': 0}, {'x': -1, 'y': 0}, {'x': 0, 'y': 1}, {'x': -1, 'y': 0}, {'x': 0, 'y': -1}, {'x': 0, 'y': -1}, {'x': 0, 'y': -1}, {'x': 1, 'y': 0}, {'x': 0, 'y': -1}, {'x': 1, 'y': 0}, {'x': 1, 'y': 0}, {'x': 1, 'y': 0}, {'x': 1, 'y': 0}, {'x': 1, 'y': 0}, {'x': 0, 'y': 1}, {'x': 0, 'y': 1}, {'x': 1, 'y': 0}, {'x': 0, 'y': 1}, {'x': -1, 'y': 0}, {'x': -1, 'y': 0}, {'x': -1, 'y': 0}, {'x': 0, 'y': -1}, {'x': 1, 'y': 0}, {'x': -1, 'y': 0}, {'x': 0, 'y': 1}, {'x': -1, 'y': 0}, {'x': -1, 'y': 0}, {'x': 0, 'y': -1}, {'x': 1, 'y': 0}, {'x': 1, 'y': 0}, {'x': -1, 'y': 0}, {'x': 0, 'y': 1}, {'x': -1, 'y': 0}, {'x': 0, 'y': 1}, {'x': -1, 'y': 0}, {'x': -1, 'y': 0}, {'x': 0, 'y': -1}, {'x': 0, 'y': -1}, {'x': 0, 'y': -1}, {'x': 1, 'y': 0}, {'x': 0, 'y': -1}, {'x': 1, 'y': 0}, {'x': 1, 'y': 0}, {'x': 1, 'y': 0}, {'x': 1, 'y': 0}, {'x': 1, 'y': 0}, {'x': 0, 'y': 1}, {'x': 0, 'y': 1}, {'x': 1, 'y': 0}, {'x': 0, 'y': 1}, {'x': -1, 'y': 0}, {'x': -1, 'y': 0}, {'x': -1, 'y': 0}, {'x': 0, 'y': -1}, {'x': 1, 'y': 0}, {'x': -1, 'y': 0}, {'x': -1, 'y': 0}, {'x': -1, 'y': 0}, {'x': 0, 'y': 1}, {'x': 0, 'y': 1}, {'x': -1, 'y': 0}, {'x': -1, 'y': 0}, {'x': 0, 'y': -1}, {'x': 0, 'y': -1}, {'x': 0, 'y': -1}, {'x': 1, 'y': 0}, {'x': 0, 'y': -1}, {'x': 1, 'y': 0}, {'x': 1, 'y': 0}, {'x': 1, 'y': 0}, {'x': 1, 'y': 0}, {'x': 1, 'y': 0}, {'x': 0, 'y': 1}, {'x': 0, 'y': 1}, {'x': 0, 'y': -1}, {'x': 0, 'y': -1}, {'x': -1, 'y': 0}, {'x': -1, 'y': 0}, {'x': -1, 'y': 0}, {'x': -1, 'y': 0}, {'x': -1, 'y': 0}, {'x': 0, 'y': 1}, {'x': -1, 'y': 0}, {'x': -1, 'y': 0}, {'x': 0, 'y': -1}, {'x': 1, 'y': 0}, {'x': 1, 'y': 0}, {'x': 1, 'y': 0}, {'x': 1, 'y': 0}, {'x': 1, 'y': 0}, {'x': -1, 'y': 0}, {'x': -1, 'y': 0}, {'x': -1, 'y': 0}, {'x': 0, 'y': 1}, {'x': -1, 'y': 0}, {'x': 0, 'y': 1}, {'x': 0, 'y': 1}, {'x': 0, 'y': 1}, {'x': 1, 'y': 0}, {'x': 1, 'y': 0}, {'x': 0, 'y': -1}, {'x': -1, 'y': 0}, {'x': 0, 'y': 1}, {'x': -1, 'y': 0}, {'x': 0, 'y': -1}, {'x': 0, 'y': -1}, {'x': 0, 'y': -1}, {'x': -1, 'y': 0}, {'x': 0, 'y': -1}, {'x': 1, 'y': 0}, {'x': 1, 'y': 0}, {'x': 1, 'y': 0}, {'x': 1, 'y': 0}, {'x': -1, 'y': 0}, {'x': -1, 'y': 0}, {'x': 0, 'y': 1}, {'x': -1, 'y': 0}, {'x': 0, 'y': 1}, {'x': 0, 'y': 1}, {'x': 1, 'y': 0}, {'x': 1, 'y': 0}, {'x': 0, 'y': -1}, {'x': 1, 'y': 0}, {'x': 1, 'y': 0}, {'x': 0, 'y': 1}, {'x': -1, 'y': 0}, {'x': -1, 'y': 0}, {'x': -1, 'y': 0}, {'x': 0, 'y': 1}, {'x': -1, 'y': 0}, {'x': 0, 'y': -1}, {'x': 0, 'y': -1}, {'x': 0, 'y': -1}, {'x': -1, 'y': 0}, {'x': 0, 'y': -1}, {'x': 1, 'y': 0}, {'x': 1, 'y': 0}, {'x': 1, 'y': 0}, {'x': -1, 'y': 0}, {'x': 0, 'y': 1}, {'x': -1, 'y': 0}, {'x': 0, 'y': 1}, {'x': 0, 'y': 1}, {'x': 1, 'y': 0}, {'x': 1, 'y': 0}, {'x': 1, 'y': 0}, {'x': 1, 'y': 0}, {'x': 1, 'y': 0}, {'x': 0, 'y': -1}, {'x': 1, 'y': 0}, {'x': 1, 'y': 0}, {'x': 0, 'y': 1}, {'x': -1, 'y': 0}, {'x': -1, 'y': 0}, {'x': -1, 'y': 0}, {'x': -1, 'y': 0}, {'x': -1, 'y': 0}, {'x': -1, 'y': 0}, {'x': 0, 'y': 1}, {'x': -1, 'y': 0}, {'x': 0, 'y': -1}, {'x': 0, 'y': -1}, {'x': 0, 'y': -1}, {'x': -1, 'y': 0}, {'x': 0, 'y': -1}, {'x': 1, 'y': 0}, {'x': 1, 'y': 0}]"
6,"########
##.-.-##
##--*.##
###$-@-#
#-$--$-#
#---####
########",False,"[{'x': 0, 'y': -1}, {'x': 0, 'y': -1}, {'x': -1, 'y': 0}, {'x': -1, 'y': 0}, {'x': 0, 'y': 1}, {'x': 1, 'y': 0}, {'x': 0, 'y': 1}, {'x': 0, 'y': 1}, {'x': -1, 'y': 0}, {'x': 0, 'y': -1}, {'x': 0, 'y': 1}, {'x': 0, 'y': 1}, {'x': -1, 'y': 0}, {'x': -1, 'y': 0}, {'x': 0, 'y': -1}, {'x': 1, 'y': 0}, {'x': 0, 'y': 1}, {'x': 1, 'y': 0}, {'x': 0, 'y': -1}, {'x': 1, 'y': 0}, {'x': 0, 'y': -1}, {'x': 1, 'y': 0}, {'x': 1, 'y': 0}, {'x': 0, 'y': 1}, {'x': -1, 'y': 0}, {'x': -1, 'y': 0}, {'x': 0, 'y': -1}, {'x': 0, 'y': -1}, {'x': 0, 'y': -1}, {'x': 1, 'y': 0}, {'x': 0, 'y': 1}, {'x': -1, 'y': 0}, {'x': 0, 'y': -1}, {'x': -1, 'y': 0}, {'x': -1, 'y': 0}, {'x': 0, 'y': 1}, {'x': 1, 'y': 0}, {'x': 1, 'y': 0}, {'x': 0, 'y': 1}, {'x': 0, 'y': 1}, {'x': -1, 'y': 0}, {'x': 0, 'y': -1}, {'x': 1, 'y': 0}, {'x': 0, 'y': -1}, {'x': 0, 'y': -1}, {'x': -1, 'y': 0}, {'x': -1, 'y': 0}, {'x': 0, 'y': 1}, {'x': 1, 'y': 0}, {'x': 0, 'y': -1}, {'x': 1, 'y': 0}, {'x': 0, 'y': 1}, {'x': -1, 'y': 0}, {'x': 0, 'y': 1}, {'x': 0, 'y': 1}, {'x': 0, 'y': 1}, {'x': -1, 'y': 0}, {'x': -1, 'y': 0}, {'x': 0, 'y': -1}, {'x': 1, 'y': 0}, {'x': 0, 'y': 1}, {'x': 1, 'y': 0}, {'x': 0, 'y': -1}, {'x': 0, 'y': -1}, {'x': 0, 'y': -1}, {'x': 1, 'y': 0}, {'x': 0, 'y': -1}, {'x': -1, 'y': 0}, {'x': 0, 'y': 1}, {'x': 0, 'y': 1}, {'x': 0, 'y': 1}, {'x': 1, 'y': 0}, {'x': 0, 'y': -1}, {'x': 0, 'y': -1}, {'x': 0, 'y': 1}, {'x': 0, 'y': 1}, {'x': 1, 'y': 0}, {'x': 1, 'y': 0}, {'x': 0, 'y': -1}, {'x': -1, 'y': 0}, {'x': 0, 'y': 1}, {'x': -1, 'y': 0}, {'x': 0, 'y': -1}]"
7,"##########
#-----####
#-$$$.-###
##-#-.--##
###-#-#@-#
###--.-#-#
####--.-#
#####-#-#
#####----#
##########",True,False
8,"#######
##--###
##-$$-#
##...-#
#--@$-#
#---###
#######",False,"[{'x': 0, 'y': -1}, {'x': 1, 'y': 0}, {'x': 1, 'y': 0}, {'x': 0, 'y': 1}, {'x': -1, 'y': 0}, {'x': 0, 'y': -1}, {'x': -1, 'y': 0}, {'x': -1, 'y': 0}, {'x': 0, 'y': -1}, {'x': 0, 'y': -1}, {'x': 1, 'y': 0}, {'x': 0, 'y': 1}, {'x': -1, 'y': 0}, {'x': 0, 'y': 1}, {'x': 1, 'y': 0}, {'x': -1, 'y': 0}, {'x': 0, 'y': 1}, {'x': 0, 'y': 1}, {'x': 1, 'y': 0}, {'x': 0, 'y': -1}, {'x': 1, 'y': 0}, {'x': 1, 'y': 0}, {'x': 0, 'y': -1}, {'x': 0, 'y': -1}, {'x': -1, 'y': 0}, {'x': -1, 'y': 0}, {'x': 0, 'y': -1}, {'x': -1, 'y': 0}, {'x': 0, 'y': 1}]"
9,"###########
#######.--#
#######.#-#
#######.#-#
#-@-$-$-$-#
#-#-#-#-###
#-------###
###########",False,"[{'x': 1, 'y': 0}, {'x': 0, 'y': 1}, {'x': 0, 'y': 1}, {'x': 1, 'y': 0}, {'x': 1, 'y': 0}, {'x': 0, 'y': -1}, {'x': 0, 'y': -1}, {'x': -1, 'y': 0}, {'x': -1, 'y': 0}, {'x': 0, 'y': 1}, {'x': 0, 'y': 1}, {'x': 1, 'y': 0}, {'x': 1, 'y': 0}, {'x': 1, 'y': 0}, {'x': 1, 'y': 0}, {'x': 0, 'y': -1}, {'x': 0, 'y': -1}, {'x': 0, 'y': -1}, {'x': 0, 'y': -1}, {'x': 0, 'y': -1}, {'x': 1, 'y': 0}, {'x': 1, 'y': 0}, {'x': 0, 'y': 1}, {'x': 0, 'y': 1}, {'x': 0, 'y': 1}, {'x': -1, 'y': 0}, {'x': 1, 'y': 0}, {'x': 0, 'y': -1}, {'x': 0, 'y': -1}, {'x': 0, 'y': -1}, {'x': -1, 'y': 0}, {'x': -1, 'y': 0}, {'x': 0, 'y': 1}, {'x': 0, 'y': 1}, {'x': 0, 'y': 1}, {'x': -1, 'y': 0}, {'x': -1, 'y': 0}, {'x': 0, 'y': 1}, {'x': 0, 'y': 1}, {'x': 1, 'y': 0}, {'x': 1, 'y': 0}, {'x': 0, 'y': -1}, {'x': 0, 'y': -1}, {'x': 0, 'y': -1}, {'x': 0, 'y': -1}, {'x': 0, 'y': 1}, {'x': 0, 'y': 1}, {'x': 0, 'y': 1}, {'x': 0, 'y': 1}, {'x': -1, 'y': 0}, {'x': -1, 'y': 0}, {'x': -1, 'y': 0}, {'x': -1, 'y': 0}, {'x': 0, 'y': -1}, {'x': 0, 'y': -1}, {'x': 1, 'y': 0}, {'x': 1, 'y': 0}, {'x': 1, 'y': 0}, {'x': -1, 'y': 0}, {'x': 0, 'y': 1}, {'x': 0, 'y': 1}, {'x': 1, 'y': 0}, {'x': 1, 'y': 0}, {'x': 0, 'y': -1}, {'x': 0, 'y': -1}, {'x': 0, 'y': -1}, {'x': 0, 'y': 1}, {'x': -1, 'y': 0}, {'x': -1, 'y': 0}, {'x': -1, 'y': 0}, {'x': -1, 'y': 0}, {'x': 0, 'y': 1}, {'x': 0, 'y': 1}, {'x': -1, 'y': 0}, {'x': -1, 'y': 0}, {'x': 0, 'y': -1}, {'x': 0, 'y': -1}, {'x': 1, 'y': 0}, {'x': 1, 'y': 0}, {'x': 1, 'y': 0}, {'x': 1, 'y': 0}, {'x': 1, 'y': 0}, {'x': -1, 'y': 0}, {'x': 0, 'y': 1}, {'x': 0, 'y': 1}, {'x': 1, 'y': 0}, {'x': 1, 'y': 0}, {'x': 0, 'y': -1}, {'x': 0, 'y': -1}]"
10,"#####
##---#
##$.##
#--$-#
#-#$--#
#--$-#
##---#
#####",True,False
11,"########
###----#
###-##-#
#-...--#
#--$-###
#-#$####
#--$-###
#--@-###
########",False,"[{'x': -1, 'y': 0}, {'x': -1, 'y': 0}, {'x': 0, 'y': -1}, {'x': 0, 'y': -1}, {'x': 0, 'y': -1}, {'x': 1, 'y': 0}, {'x': 0, 'y': -1}, {'x': 1, 'y': 0}, {'x': 1, 'y': 0}, {'x': 0, 'y': 1}, {'x': -1, 'y': 0}, {'x': 0, 'y': -1}, {'x': -1, 'y': 0}, {'x': -1, 'y': 0}, {'x': 0, 'y': 1}, {'x': 0, 'y': 1}, {'x': 0, 'y': 1}, {'x': 1, 'y': 0}, {'x': 0, 'y': 1}, {'x': 1, 'y': 0}, {'x': 1, 'y': 0}, {'x': 0, 'y': -1}, {'x': -1, 'y': 0}, {'x': 0, 'y': -1}, {'x': 0, 'y': -1}, {'x': 0, 'y': 1}, {'x': 0, 'y': 1}, {'x': 0, 'y': 1}, {'x': -1, 'y': 0}, {'x': -1, 'y': 0}, {'x': 0, 'y': -1}, {'x': 0, 'y': -1}, {'x': 0, 'y': -1}, {'x': 1, 'y': 0}, {'x': 0, 'y': -1}, {'x': 1, 'y': 0}, {'x': 1, 'y': 0}, {'x': -1, 'y': 0}, {'x': -1, 'y': 0}, {'x': 0, 'y': 1}, {'x': -1, 'y': 0}, {'x': 0, 'y': 1}, {'x': 0, 'y': 1}, {'x': 0, 'y': 1}, {'x': 1, 'y': 0}, {'x': 1, 'y': 0}, {'x': 0, 'y': -1}, {'x': 0, 'y': -1}, {'x': 0, 'y': -1}, {'x': 1, 'y': 0}, {'x': 0, 'y': -1}, {'x': -1, 'y': 0}, {'x': 0, 'y': -1}, {'x': 0, 'y': -1}, {'x': 1, 'y': 0}, {'x': 1, 'y': 0}, {'x': 1, 'y': 0}, {'x': 0, 'y': 1}, {'x': 0, 'y': 1}, {'x': -1, 'y': 0}, {'x': 1, 'y': 0}, {'x': 0, 'y': -1}, {'x': 0, 'y': -1}, {'x': -1, 'y': 0}, {'x': -1, 'y': 0}, {'x': -1, 'y': 0}, {'x': 0, 'y': 1}, {'x': 0, 'y': 1}, {'x': 0, 'y': 1}, {'x': -1, 'y': 0}, {'x': -1, 'y': 0}, {'x': 0, 'y': 1}, {'x': 0, 'y': 1}, {'x': 1, 'y': 0}, {'x': 0, 'y': 1}, {'x': 1, 'y': 0}, {'x': 0, 'y': -1}, {'x': 0, 'y': -1}, {'x': 0, 'y': -1}]"
12,"###########
#####--####
##-$--$-###
#-##-#--###
#--@-.-####
##-#-######
##-#-######
##-#-######
###########",True,False
13,"#######
#-.-.-#
#.$$$.#
#-$@$-#
#.$$$.#
#-.-.-#
#######",False,"[{'x': 1, 'y': 0}, {'x': 0, 'y': -1}, {'x': 1, 'y': 0}, {'x': 0, 'y': 1}, {'x': -1, 'y': 0}, {'x': -1, 'y': 0}, {'x': -1, 'y': 0}, {'x': 0, 'y': 1}, {'x': -1, 'y': 0}, {'x': 0, 'y': -1}, {'x': 1, 'y': 0}, {'x': 0, 'y': -1}, {'x': 1, 'y': 0}, {'x': 1, 'y': 0}, {'x': 0, 'y': 1}, {'x': 0, 'y': 1}, {'x': -1, 'y': 0}, {'x': -1, 'y': 0}]"
14,"########
18--####
17-##-##
17.#--##
##$*-##
#--$@#-#
#---#--#
##--####
########",True,False
15,"#########
#####---#
####--@-#
####-#-##
#.-.--.-#
#--###--#
##-$-$-##
##--$-###
####--###
#########",False,"[{'x': -1, 'y': 0}, {'x': -1, 'y': 0}, {'x': 0, 'y': 1}, {'x': 0, 'y': 1}, {'x': -1, 'y': 0}, {'x': -1, 'y': 0}, {'x': 0, 'y': 1}, {'x': 0, 'y': 1}, {'x': 0, 'y': 1}, {'x': 1, 'y': 0}, {'x': 1, 'y': 0}, {'x': 0, 'y': -1}, {'x': -1, 'y': 0}, {'x': 0, 'y': 1}, {'x': -1, 'y': 0}, {'x': 0, 'y': -1}, {'x': 0, 'y': -1}, {'x': -1, 'y': 0}, {'x': 0, 'y': -1}, {'x': 1, 'y': 0}, {'x': 1, 'y': 0}, {'x': 1, 'y': 0}, {'x': 0, 'y': -1}, {'x': 0, 'y': -1}, {'x': 1, 'y': 0}, {'x': 1, 'y': 0}, {'x': 0, 'y': 1}, {'x': 0, 'y': 1}, {'x': 0, 'y': 1}, {'x': 0, 'y': 1}, {'x': -1, 'y': 0}, {'x': -1, 'y': 0}, {'x': 0, 'y': 1}, {'x': -1, 'y': 0}, {'x': -1, 'y': 0}, {'x': 0, 'y': -1}, {'x': 0, 'y': -1}, {'x': 0, 'y': -1}, {'x': 1, 'y': 0}, {'x': 1, 'y': 0}, {'x': 1, 'y': 0}, {'x': -1, 'y': 0}, {'x': -1, 'y': 0}, {'x': -1, 'y': 0}, {'x': 0, 'y': 1}, {'x': 0, 'y': 1}, {'x': 0, 'y': 1}, {'x': 1, 'y': 0}, {'x': 1, 'y': 0}, {'x': 0, 'y': -1}, {'x': 1, 'y': 0}, {'x': 1, 'y': 0}, {'x': 0, 'y': -1}, {'x': 0, 'y': -1}, {'x': 0, 'y': -1}, {'x': 0, 'y': 1}, {'x': 0, 'y': 1}, {'x': 0, 'y': 1}, {'x': -1, 'y': 0}, {'x': -1, 'y': 0}, {'x': -1, 'y': 0}, {'x': 0, 'y': 1}, {'x': -1, 'y': 0}, {'x': 0, 'y': -1}, {'x': 0, 'y': -1}, {'x': -1, 'y': 0}, {'x': 0, 'y': -1}, {'x': 1, 'y': 0}, {'x': 1, 'y': 0}, {'x': 1, 'y': 0}, {'x': 1, 'y': 0}, {'x': -1, 'y': 0}, {'x': -1, 'y': 0}, {'x': -1, 'y': 0}, {'x': 0, 'y': 1}, {'x': 0, 'y': 1}, {'x': 1, 'y': 0}, {'x': 1, 'y': 0}, {'x': 1, 'y': 0}, {'x': 1, 'y': 0}, {'x': 0, 'y': -1}, {'x': 0, 'y': -1}, {'x': 0, 'y': 1}, {'x': 0, 'y': 1}, {'x': -1, 'y': 0}, {'x': -1, 'y': 0}, {'x': 0, 'y': 1}, {'x': 0, 'y': 1}, {'x': 1, 'y': 0}, {'x': 0, 'y': -1}, {'x': -1, 'y': 0}, {'x': -1, 'y': 0}, {'x': 0, 'y': -1}, {'x': -1, 'y': 0}, {'x': 0, 'y': -1}, {'x': 0, 'y': -1}, {'x': 1, 'y': 0}, {'x': 1, 'y': 0}, {'x': 1, 'y': 0}, {'x': 1, 'y': 0}, {'x': 0, 'y': 1}, {'x': 0, 'y': 1}, {'x': -1, 'y': 0}, {'x': -1, 'y': 0}, {'x': -1, 'y': 0}, {'x': 0, 'y': 1}, {'x': -1, 'y': 0}, {'x': 0, 'y': -1}, {'x': 0, 'y': -1}, {'x': -1, 'y': 0}, {'x': 0, 'y': -1}, {'x': 1, 'y': 0}, {'x': 1, 'y': 0}, {'x': 1, 'y': 0}, {'x': 0, 'y': -1}, {'x': 0, 'y': -1}, {'x': 1, 'y': 0}, {'x': 0, 'y': -1}, {'x': 1, 'y': 0}, {'x': 1, 'y': 0}, {'x': 0, 'y': 1}, {'x': -1, 'y': 0}, {'x': 0, 'y': 1}, {'x': 0, 'y': 1}, {'x': -1, 'y': 0}, {'x': -1, 'y': 0}, {'x': -1, 'y': 0}, {'x': -1, 'y': 0}, {'x': 0, 'y': 1}, {'x': 0, 'y': 1}, {'x': 1, 'y': 0}, {'x': 1, 'y': 0}, {'x': 1, 'y': 0}, {'x': 1, 'y': 0}, {'x': 0, 'y': -1}, {'x': 1, 'y': 0}, {'x': 0, 'y': -1}, {'x': -1, 'y': 0}, {'x': -1, 'y': 0}, {'x': -1, 'y': 0}, {'x': 0, 'y': -1}, {'x': 0, 'y': -1}, {'x': 1, 'y': 0}, {'x': 0, 'y': -1}, {'x': 1, 'y': 0}, {'x': 0, 'y': 1}, {'x': 0, 'y': 1}]"
16,"#########
######---#
#---##---#
#---#-$--#
#--#-$--##
#--#@*--##
##--*$####
##-$--####
##-$?#####
##-$?#####
##-$?#####
##-$?#####
#########",True,False
17,"########
#####--#
###-$$-#
###-#--#
##-.#$@#
#------#
#-..####
########",False,"[{'x': 0, 'y': -1}, {'x': -1, 'y': 0}, {'x': 0, 'y': 1}, {'x': 1, 'y': 0}, {'x': 0, 'y': -1}, {'x': 0, 'y': -1}, {'x': 0, 'y': -1}, {'x': -1, 'y': 0}, {'x': 0, 'y': 1}, {'x': 0, 'y': 1}, {'x': 1, 'y': 0}, {'x': 0, 'y': 1}, {'x': 0, 'y': 1}, {'x': -1, 'y': 0}, {'x': -1, 'y': 0}, {'x': -1, 'y': 0}, {'x': 0, 'y': -1}, {'x': 0, 'y': -1}, {'x': 0, 'y': -1}, {'x': 1, 'y': 0}, {'x': -1, 'y': 0}, {'x': 0, 'y': 1}, {'x': 0, 'y': 1}, {'x': 0, 'y': 1}, {'x': 0, 'y': 1}, {'x': -1, 'y': 0}, {'x': -1, 'y': 0}, {'x': 0, 'y': -1}, {'x': 1, 'y': 0}, {'x': 0, 'y': 1}, {'x': 1, 'y': 0}, {'x': 0, 'y': -1}, {'x': 1, 'y': 0}, {'x': 1, 'y': 0}, {'x': 1, 'y': 0}, {'x': 0, 'y': -1}, {'x': 0, 'y': -1}, {'x': -1, 'y': 0}, {'x': 0, 'y': 1}, {'x': 1, 'y': 0}, {'x': 0, 'y': 1}, {'x': -1, 'y': 0}, {'x': -1, 'y': 0}, {'x': -1, 'y': 0}, {'x': 0, 'y': -1}, {'x': -1, 'y': 0}, {'x': 0, 'y': 1}, {'x': -1, 'y': 0}, {'x': 0, 'y': 1}, {'x': 1, 'y': 0}, {'x': 0, 'y': -1}, {'x': 1, 'y': 0}, {'x': 1, 'y': 0}, {'x': 1, 'y': 0}, {'x': 0, 'y': -1}, {'x': 0, 'y': -1}, {'x': 1, 'y': 0}, {'x': 0, 'y': -1}, {'x': 0, 'y': -1}, {'x': -1, 'y': 0}, {'x': 0, 'y': 1}, {'x': 0, 'y': 1}, {'x': 0, 'y': 1}, {'x': 1, 'y': 0}, {'x': 0, 'y': 1}, {'x': -1, 'y': 0}, {'x': -1, 'y': 0}, {'x': -1, 'y': 0}, {'x': 0, 'y': -1}, {'x': -1, 'y': 0}, {'x': 0, 'y': 1}, {'x': 1, 'y': 0}, {'x': 1, 'y': 0}, {'x': 1, 'y': 0}, {'x': 0, 'y': -1}, {'x': 0, 'y': -1}, {'x': 0, 'y': -1}, {'x': -1, 'y': 0}, {'x': -1, 'y': 0}, {'x': 0, 'y': 1}]"
18,"#######
#--#-@#
#-$.$-#
#-.$.-#
#-.$.-#
#-$.$-#
#--#--#
#######",False,"[{'x': -1, 'y': 0}, {'x': 0, 'y': 1}, {'x': 1, 'y': 0}, {'x': 0, 'y': 1}, {'x': 0, 'y': 1}, {'x': -1, 'y': 0}, {'x': -1, 'y': 0}, {'x': 1, 'y': 0}, {'x': 1, 'y': 0}, {'x': 0, 'y': 1}, {'x': 0, 'y': 1}, {'x': -1, 'y': 0}, {'x': 0, 'y': -1}, {'x': -1, 'y': 0}, {'x': 0, 'y': -1}, {'x': 0, 'y': -1}, {'x': -1, 'y': 0}, {'x': -1, 'y': 0}, {'x': 0, 'y': -1}, {'x': 0, 'y': -1}, {'x': 1, 'y': 0}, {'x': 0, 'y': 1}, {'x': -1, 'y': 0}, {'x': 0, 'y': 1}, {'x': 0, 'y': 1}, {'x': 0, 'y': 1}, {'x': 1, 'y': 0}]"
19,"#############
#-@-#---#####
#--#--#-#####
##-$------###
##-$-#-#---##
##--##-#-#-##
######-#----#
#####--$-####
#####----##-#
#######---##
#############",True,False
20,"########
###--###
###@-###
###--###
###-####
#----*-#
#--$---#
########",True,False
21,"#######
#--####
#--#--#
#.$**@#
##----#
##---##
#######",False,"[{'x': 0, 'y': -1}, {'x': -1, 'y': 0}, {'x': 0, 'y': 1}, {'x': 1, 'y': 0}, {'x': 0, 'y': 1}, {'x': -1, 'y': 0}, {'x': 0, 'y': 1}, {'x': -1, 'y': 0}, {'x': -1, 'y': 0}, {'x': 0, 'y': -1}, {'x': 0, 'y': -1}, {'x': 1, 'y': 0}, {'x': -1, 'y': 0}, {'x': -1, 'y': 0}, {'x': 0, 'y': -1}, {'x': 0, 'y': -1}, {'x': 1, 'y': 0}, {'x': 0, 'y': 1}, {'x': -1, 'y': 0}, {'x': 0, 'y': 1}, {'x': 1, 'y': 0}, {'x': 0, 'y': 1}, {'x': 0, 'y': 1}, {'x': 1, 'y': 0}, {'x': 1, 'y': 0}, {'x': 0, 'y': -1}, {'x': 1, 'y': 0}, {'x': 0, 'y': -1}, {'x': 0, 'y': -1}, {'x': -1, 'y': 0}, {'x': 0, 'y': 1}, {'x': -1, 'y': 0}, {'x': -1, 'y': 0}, {'x': 0, 'y': 1}, {'x': 0, 'y': 1}, {'x': 1, 'y': 0}, {'x': 0, 'y': -1}, {'x': 0, 'y': 1}, {'x': 1, 'y': 0}, {'x': 0, 'y': -1}]"
22,"#######
###---#
###**-#
#-*-$-#
#--anson-#
#---###
#######",True,False
23,"###########
#--.......##
#.$#####@-##
#--#- ---##
##-------#
##-#-#-#--#
##-$----##
####--####
###########",True,False
24,"##########
#-@-######
#--$-#####
##-$-###--#
##---#####
##########",True,False
25,"########
#-.--.-#
#.$$$$.#
#-$..$-#
#-$.+$-#
#.$$$$.#
#-.--.-#
########",False,False
26,"#######
#--####
#*-.--#
#-*$*-#
#--$#-#
#*-.-##
#---###
#######",True,False
27,"########
####--##
#--#--##
#--@$-##
#--#4000#
#--#-4000#
#--#-$$-#
#--#----#
#####--##
########",True,False
28,"########
###----#
###-##-#
#-...--#
#--$-###
#-#$####
#--$-###
#--@-###
########",False,"[{'x': -1, 'y': 0}, {'x': -1, 'y': 0}, {'x': 0, 'y': -1}, {'x': 0, 'y': -1}, {'x': 0, 'y': -1}, {'x': 1, 'y': 0}, {'x': 0, 'y': -1}, {'x': 1, 'y': 0}, {'x': 1, 'y': 0}, {'x': 0, 'y': 1}, {'x': -1, 'y': 0}, {'x': 0, 'y': -1}, {'x': -1, 'y': 0}, {'x': -1, 'y': 0}, {'x': 0, 'y': 1}, {'x': 0, 'y': 1}, {'x': 0, 'y': 1}, {'x': 1, 'y': 0}, {'x': 0, 'y': 1}, {'x': 1, 'y': 0}, {'x': 1, 'y': 0}, {'x': 0, 'y': -1}, {'x': -1, 'y': 0}, {'x': 0, 'y': -1}, {'x': 0, 'y': -1}, {'x': 0, 'y': 1}, {'x': 0, 'y': 1}, {'x': 0, 'y': 1}, {'x': -1, 'y': 0}, {'x': -1, 'y': 0}, {'x': 0, 'y': -1}, {'x': 0, 'y': -1}, {'x': 0, 'y': -1}, {'x': 1, 'y': 0}, {'x': 0, 'y': -1}, {'x': 1, 'y': 0}, {'x': 1, 'y': 0}, {'x': -1, 'y': 0}, {'x': -1, 'y': 0}, {'x': 0, 'y': 1}, {'x': -1, 'y': 0}, {'x': 0, 'y': 1}, {'x': 0, 'y': 1}, {'x': 0, 'y': 1}, {'x': 1, 'y': 0}, {'x': 1, 'y': 0}, {'x': 0, 'y': -1}, {'x': 0, 'y': -1}, {'x': 0, 'y': -1}, {'x': 1, 'y': 0}, {'x': 0, 'y': -1}, {'x': -1, 'y': 0}, {'x': 0, 'y': -1}, {'x': 0, 'y': -1}, {'x': 1, 'y': 0}, {'x': 1, 'y': 0}, {'x': 1, 'y': 0}, {'x': 0, 'y': 1}, {'x': 0, 'y': 1}, {'x': -1, 'y': 0}, {'x': 1, 'y': 0}, {'x': 0, 'y': -1}, {'x': 0, 'y': -1}, {'x': -1, 'y': 0}, {'x': -1, 'y': 0}, {'x': -1, 'y': 0}, {'x': 0, 'y': 1}, {'x': 0, 'y': 1}, {'x': 0, 'y': 1}, {'x': -1, 'y': 0}, {'x': -1, 'y': 0}, {'x': 0, 'y': 1}, {'x': 0, 'y': 1}, {'x': 1, 'y': 0}, {'x': 0, 'y': 1}, {'x': 1, 'y': 0}, {'x': 0, 'y': -1}, {'x': 0, 'y': -1}, {'x': 0, 'y': -1}]"
29,"#############
##----#---###
##-$@**.-.-##
###-##-##-..-#
#---#---#---#
#---###---##
#############",True,False
